Inches,ScreenResolution,Cpu,Ram,Weight,TouchScreen,HDD,SSD,SSHD,FStorage,2 in 1 Convertible,Gaming,Netbook,Notebook,Ultrabook,Workstation,Android,Chrome OS,Linux,Mac OS X,No OS,Windows 10,Windows 10 S,Windows 7,macOS,LaptopPrice
13.3,11,15,8,1.37,0,0,128,0,0,0,0,0,0,1,0,0,0,0,0,0,0,0,0,1,1339.69
13.3,2,15,8,1.34,0,0,0,0,128,0,0,0,0,1,0,0,0,0,0,0,0,0,0,1,898.94
15.6,4,15,8,1.86,0,0,256,0,0,0,0,0,1,0,0,0,0,0,0,1,0,0,0,0,575.0
15.4,12,16,16,1.83,0,0,512,0,0,0,0,0,0,1,0,0,0,0,0,0,0,0,0,1,2537.45
13.3,11,15,8,1.37,0,0,256,0,0,0,0,0,0,1,0,0,0,0,0,0,0,0,0,1,1803.6
15.6,1,5,4,2.1,0,500,0,0,0,0,0,0,1,0,0,0,0,0,0,0,1,0,0,0,400.0
15.4,12,16,16,2.04,0,0,0,0,256,0,0,0,0,1,0,0,0,0,1,0,0,0,0,0,2139.97
13.3,2,15,8,1.34,0,0,0,0,256,0,0,0,0,1,0,0,0,0,0,0,0,0,0,1,1158.7
14.0,4,16,16,1.3,0,0,512,0,0,0,0,0,0,1,0,0,0,0,0,0,1,0,0,0,1495.0
14.0,4,15,8,1.6,0,0,256,0,0,0,0,0,0,1,0,0,0,0,0,0,1,0,0,0,770.0
15.6,1,15,4,1.86,0,500,0,0,0,0,0,0,1,0,0,0,0,0,0,1,0,0,0,0,393.9
15.6,4,14,4,1.86,0,500,0,0,0,0,0,0,1,0,0,0,0,0,0,1,0,0,0,0,344.99
15.4,12,16,16,1.83,0,0,256,0,0,0,0,0,0,1,0,0,0,0,0,0,0,0,0,1,2439.97
15.6,4,14,4,2.2,0,0,256,0,0,0,0,0,1,0,0,0,0,0,0,0,1,0,0,0,498.9
12.0,7,11,8,0.92,0,0,256,0,0,0,0,0,0,1,0,0,0,0,0,0,0,0,0,1,1262.4
13.3,11,15,8,1.37,0,0,256,0,0,0,0,0,0,1,0,0,0,0,0,0,0,0,0,1,1518.55
15.6,4,16,8,2.2,0,0,256,0,0,0,0,0,1,0,0,0,0,0,0,0,1,0,0,0,745.0
15.4,12,16,16,1.83,0,0,512,0,0,0,0,0,0,1,0,0,0,0,0,0,0,0,0,1,2858.0
15.6,4,14,8,2.2,0,1000,0,0,0,0,0,0,1,0,0,0,0,0,0,1,0,0,0,0,499.0
13.3,4,15,8,1.22,1,0,128,0,0,0,0,0,0,1,0,0,0,0,0,0,1,0,0,0,979.0
11.6,1,9,2,0.98,0,0,0,0,32,0,0,1,0,0,0,0,0,0,0,0,1,0,0,0,191.9
15.6,4,15,8,2.5,0,1000,128,0,0,0,1,0,0,0,0,0,0,0,0,0,1,0,0,0,999.0
15.6,1,6,4,1.86,0,500,0,0,0,0,0,0,1,0,0,0,0,0,0,1,0,0,0,0,258.0
13.3,4,15,8,1.62,1,0,256,0,0,1,0,0,0,0,0,0,0,0,0,0,1,0,0,0,819.0
15.6,4,16,8,1.91,0,0,256,0,0,0,0,0,0,1,0,0,0,0,0,0,1,0,0,0,659.0
15.6,1,14,4,2.3,0,1000,0,0,0,0,0,0,1,0,0,0,0,0,0,0,1,0,0,0,418.64
13.3,2,15,8,1.35,0,0,0,0,128,0,0,0,0,1,0,0,0,0,1,0,0,0,0,0,1099.0
15.6,4,15,8,2.2,0,0,256,0,0,0,0,0,1,0,0,0,0,0,0,0,1,0,0,0,800.0
15.6,4,16,8,1.88,0,0,512,0,0,0,0,0,0,1,0,0,0,0,0,0,1,0,0,0,1298.0
17.3,4,15,8,2.5,0,1000,0,0,0,0,0,0,1,0,0,0,0,0,0,0,1,0,0,0,896.0
15.6,4,9,4,1.89,0,0,0,0,64,0,0,0,1,0,0,0,0,0,0,0,1,0,0,0,244.99
14.0,1,6,2,1.65,0,0,0,0,32,0,0,0,1,0,0,0,0,0,0,0,1,0,0,0,199.0
17.3,4,3,4,2.71,0,500,0,0,0,0,0,0,1,0,0,0,0,0,0,0,1,0,0,0,439.0
13.3,13,16,16,1.2,1,0,512,0,0,0,0,0,0,1,0,0,0,0,0,0,1,0,0,0,1869.0
13.3,2,15,8,1.35,0,0,0,0,256,0,0,0,0,1,0,0,0,0,1,0,0,0,0,0,998.0
14.0,1,10,4,1.44,0,0,0,0,64,0,0,0,1,0,0,0,0,0,0,0,1,0,0,0,249.0
15.6,1,14,4,2.1,0,1000,0,0,0,0,0,0,1,0,0,0,0,1,0,0,0,0,0,0,367.0
17.3,4,15,8,2.8,0,1000,128,0,0,0,0,0,1,0,0,0,0,0,0,0,1,0,0,0,979.0
15.6,1,15,4,1.86,0,1000,0,0,0,0,0,0,1,0,0,0,0,0,0,0,1,0,0,0,488.69
15.6,4,15,8,2.1,0,0,256,0,0,0,0,0,1,0,0,0,0,0,0,0,1,0,0,0,879.0
15.6,4,14,4,2.0,0,1000,0,0,0,0,0,0,1,0,0,0,0,1,0,0,0,0,0,0,389.0
15.6,4,16,16,2.65,0,1000,256,0,0,0,1,0,0,0,0,0,0,0,0,0,1,0,0,0,1499.0
15.6,1,15,8,2.3,0,1000,0,0,0,0,0,0,1,0,0,0,0,1,0,0,0,0,0,0,522.99
15.6,4,15,4,2.2,0,0,256,0,0,0,0,0,1,0,0,0,0,0,0,0,1,0,0,0,682.0
17.3,4,15,12,2.77,1,1000,0,0,0,1,0,0,0,0,0,0,0,0,0,0,1,0,0,0,999.0
13.3,11,15,8,1.37,0,0,256,0,0,0,0,0,0,1,0,0,0,0,0,0,0,0,0,1,1419.0
15.6,1,14,4,2.2,0,0,128,0,0,0,0,0,1,0,0,0,0,0,0,1,0,0,0,0,369.0
17.3,4,8,8,3.2,0,1000,256,0,0,0,1,0,0,0,0,0,0,0,0,0,1,0,0,0,1299.0
15.6,4,15,4,2.3,0,0,256,0,0,0,0,0,1,0,0,0,0,0,0,0,1,0,0,0,639.0
17.3,1,12,4,2.8,0,1000,0,0,0,0,0,0,1,0,0,0,0,0,0,0,1,0,0,0,466.0
10.1,5,9,4,0.69,1,0,0,0,64,1,0,0,0,0,0,1,0,0,0,0,0,0,0,0,319.0
15.6,4,16,8,2.2,0,0,256,0,0,0,0,0,1,0,0,0,0,0,0,0,1,0,0,0,841.0
15.6,4,3,4,1.86,0,0,256,0,0,0,0,0,1,0,0,0,0,0,0,0,1,0,0,0,398.49
13.3,4,16,8,1.49,0,0,512,0,0,0,0,0,1,0,0,0,0,0,0,0,1,0,0,0,1103.0
15.6,1,14,4,2.4,0,1000,0,0,0,0,0,0,1,0,0,0,0,0,0,0,1,0,0,0,384.0
15.6,4,16,8,2.13,0,0,256,0,0,0,0,0,1,0,0,0,0,0,0,0,1,0,0,0,767.8
15.6,4,14,4,1.91,0,0,128,0,0,0,0,0,1,0,0,0,0,0,0,0,1,0,0,0,439.0
15.6,1,15,4,2.0,0,0,256,0,0,0,0,0,1,0,0,0,0,0,0,0,1,0,0,0,586.19
17.3,4,16,16,2.43,0,2000,256,0,0,0,1,0,0,0,0,0,0,0,0,0,1,0,0,0,2449.0
15.6,4,14,4,2.0,0,0,256,0,0,0,0,0,1,0,0,0,0,1,0,0,0,0,0,0,415.0
17.3,4,16,16,2.8,0,2000,256,0,0,0,0,0,1,0,0,0,0,0,0,0,1,0,0,0,1299.0
14.0,4,15,8,1.7,0,0,256,0,0,0,0,0,0,1,0,0,0,0,0,0,1,0,0,0,879.0
14.0,4,14,8,1.7,0,0,256,0,0,0,0,0,1,0,0,0,0,0,0,1,0,0,0,0,599.0
14.0,4,15,8,1.4,0,0,256,0,0,0,0,0,1,0,0,0,0,0,0,0,1,0,0,0,941.0
15.6,4,15,8,1.86,0,0,256,0,0,0,0,0,1,0,0,0,0,0,0,0,1,0,0,0,690.0
15.6,4,16,16,1.8,0,0,512,0,0,0,0,0,0,1,0,0,0,0,0,0,1,0,0,0,1983.0
15.6,1,14,4,1.86,0,500,0,0,0,0,0,0,1,0,0,0,0,0,0,0,1,0,0,0,438.69
14.0,1,10,4,1.44,0,0,32,0,0,0,0,0,1,0,0,0,0,0,0,0,1,0,0,0,229.0
15.6,4,15,4,1.9,0,1000,0,0,0,0,0,0,1,0,0,0,0,0,0,0,1,0,0,0,549.0
17.3,4,16,12,3.0,0,1000,0,0,0,0,1,0,0,0,0,0,0,1,0,0,0,0,0,0,949.0
13.5,8,15,4,1.25,1,0,128,0,0,0,0,0,0,1,0,0,0,0,0,0,0,1,0,0,1089.0
13.3,4,16,8,1.4,0,0,256,0,0,0,0,0,0,1,0,0,0,0,0,0,1,0,0,0,955.0
15.6,4,16,8,2.2,0,0,256,0,0,0,0,0,1,0,0,0,0,0,0,0,1,0,0,0,870.0
17.3,4,15,8,2.7,0,1000,128,0,0,0,1,0,0,0,0,0,0,0,0,0,1,0,0,0,1095.0
14.0,1,14,8,2.1,0,1000,0,0,0,0,0,0,1,0,0,0,0,0,0,0,1,0,0,0,389.0
15.6,4,16,8,2.2,0,1000,0,0,0,0,1,0,0,0,0,0,0,0,0,0,1,0,0,0,949.0
15.6,4,15,8,2.2,0,2000,0,0,0,0,0,0,1,0,0,0,0,0,0,1,0,0,0,0,519.0
15.6,4,16,8,2.02,0,1000,128,0,0,0,0,0,1,0,0,0,0,0,0,0,1,0,0,0,855.0
15.6,4,14,4,2.2,0,1000,0,0,0,0,0,0,1,0,0,0,0,0,0,0,1,0,0,0,530.0
17.3,4,15,8,2.5,0,1000,128,0,0,0,0,0,1,0,0,0,0,0,0,0,1,0,0,0,977.0
15.6,4,15,8,1.88,0,0,256,0,0,0,0,0,0,1,0,0,0,0,0,0,1,0,0,0,1096.16
12.0,7,15,8,0.92,0,0,512,0,0,0,0,0,0,1,0,0,0,0,0,0,0,0,0,1,1510.0
14.0,4,15,8,1.63,0,0,256,0,0,0,0,0,1,0,0,0,0,0,0,0,1,0,0,0,860.0
15.6,4,3,4,2.2,0,0,128,0,0,0,0,0,1,0,0,0,0,0,0,0,1,0,0,0,399.0
15.6,1,5,4,2.1,0,1000,0,0,0,0,0,0,1,0,0,0,0,0,0,0,1,0,0,0,395.0
15.6,4,16,16,2.65,0,1000,128,0,0,0,1,0,0,0,0,0,0,0,0,0,1,0,0,0,1349.0
15.6,4,16,8,1.83,0,0,256,0,0,0,0,0,0,1,0,0,0,0,0,0,1,0,0,0,699.0
15.6,4,15,8,1.96,0,0,256,0,0,0,0,0,1,0,0,0,0,0,0,0,1,0,0,0,598.99
15.6,4,16,16,2.2,0,1000,128,0,0,0,1,0,0,0,0,0,0,0,0,0,1,0,0,0,1449.0
13.3,4,16,8,1.21,0,0,256,0,0,0,0,0,0,1,0,0,0,0,0,0,1,0,0,0,1649.0
15.6,4,7,8,2.45,0,1000,0,0,0,0,1,0,0,0,0,0,0,0,0,0,1,0,0,0,699.0
15.6,4,16,8,2.2,0,1000,0,0,0,0,0,0,1,0,0,0,0,0,0,0,1,0,0,0,689.0
13.3,4,16,16,1.49,0,0,512,0,0,0,0,0,1,0,0,0,0,0,0,0,1,0,0,0,1197.0
15.6,4,15,8,2.65,0,0,256,0,0,0,1,0,0,0,0,0,0,0,0,0,1,0,0,0,1195.0
14.0,4,16,8,1.25,0,0,256,0,0,0,0,0,0,1,0,0,0,0,0,0,1,0,0,0,1049.0
13.3,4,15,8,1.5,1,0,256,0,0,1,0,0,0,0,0,0,0,0,0,0,1,0,0,0,847.0
15.6,4,16,8,2.2,0,1000,0,0,0,0,0,0,1,0,0,0,0,1,0,0,0,0,0,0,599.9
15.6,4,14,4,2.2,0,0,256,0,0,0,0,0,1,0,0,0,0,1,0,0,0,0,0,0,485.0
15.6,4,14,6,2.0,0,0,256,0,0,0,0,0,1,0,0,0,0,0,0,0,1,0,0,0,577.0
15.6,4,16,12,2.62,0,1000,128,0,0,0,1,0,0,0,0,0,0,0,0,0,1,0,0,0,1249.0
15.6,4,16,8,1.91,0,0,256,0,0,0,0,0,1,0,0,0,0,0,0,0,1,0,0,0,719.0
15.6,4,6,4,2.1,0,500,0,0,0,0,0,0,1,0,0,0,0,0,0,0,1,0,0,0,349.0
15.6,4,15,8,2.2,0,1000,0,0,0,0,0,0,1,0,0,0,0,1,0,0,0,0,0,0,647.0
13.3,4,16,8,1.38,0,0,256,0,0,0,0,0,0,1,0,0,0,0,0,0,1,0,0,0,1119.0
13.5,8,15,8,1.25,1,0,256,0,0,0,0,0,0,1,0,0,0,0,0,0,0,1,0,0,1340.0
14.0,4,15,6,1.58,0,0,256,0,0,0,0,0,1,0,0,0,0,0,0,0,1,0,0,0,659.0
15.6,4,14,4,1.85,0,1000,0,0,0,0,0,0,1,0,0,0,0,0,0,0,1,0,0,0,414.9
14.0,4,16,8,1.3,0,0,256,0,0,0,0,0,0,1,0,0,0,0,0,0,1,0,0,0,1193.0
15.6,4,16,16,2.2,0,1000,256,0,0,0,1,0,0,0,0,0,0,0,0,0,1,0,0,0,1299.0
14.0,4,16,8,1.58,0,0,256,0,0,0,0,0,1,0,0,0,0,0,0,0,1,0,0,0,1480.0
15.6,4,16,16,1.5,0,1000,256,0,0,0,0,0,0,1,0,0,0,0,0,0,1,0,0,0,1262.0
13.3,13,16,8,1.23,1,0,256,0,0,0,0,0,0,1,0,0,0,0,0,0,1,0,0,0,1379.0
13.3,4,15,8,1.37,1,0,256,0,0,1,0,0,0,0,0,0,0,0,0,0,1,0,0,0,1399.0
14.0,1,15,4,1.63,0,500,0,0,0,0,0,0,1,0,0,0,0,0,0,0,1,0,0,0,722.0
13.3,4,15,8,1.21,0,0,256,0,0,0,0,0,0,1,0,0,0,0,0,0,1,0,0,0,1629.0
13.3,4,15,8,1.26,1,0,256,0,0,1,0,0,0,0,0,0,0,0,0,0,1,0,0,0,1398.99
14.0,4,16,8,1.63,0,0,512,0,0,0,0,0,1,0,0,0,0,0,0,0,1,0,0,0,1084.0
15.6,4,16,8,2.16,0,1000,256,0,0,0,0,0,1,0,0,0,0,0,0,0,1,0,0,0,1130.33
17.3,4,14,4,2.0,0,1000,0,0,0,0,0,0,1,0,0,0,0,0,0,0,1,0,0,0,564.0
15.6,4,16,8,1.7,0,0,256,0,0,0,0,0,1,0,0,0,0,0,0,0,1,0,0,0,1118.0
15.6,4,14,6,2.1,1,1000,0,0,0,0,0,0,1,0,0,0,0,0,0,0,1,0,0,0,479.0
15.6,4,16,16,1.8,0,2000,256,0,0,0,1,0,0,0,0,0,0,0,0,0,1,0,0,0,2241.5
15.6,4,15,8,2.2,0,0,256,0,0,0,0,0,1,0,0,0,0,0,0,1,0,0,0,0,629.0
17.3,4,16,16,2.5,0,0,512,0,0,0,0,0,1,0,0,0,0,0,0,0,1,0,0,0,1271.0
15.6,1,5,4,2.1,0,0,256,0,0,0,0,0,1,0,0,0,0,0,0,0,1,0,0,0,451.0
15.6,1,10,4,1.86,0,500,0,0,0,0,0,0,1,0,0,0,0,0,0,1,0,0,0,0,259.0
14.0,4,15,8,1.63,0,1000,0,0,0,0,0,0,1,0,0,0,0,0,0,0,1,0,0,0,812.0
14.0,1,6,4,1.65,0,0,64,0,0,0,0,0,1,0,0,0,0,0,0,0,0,1,0,0,277.99
17.3,4,16,16,2.8,0,2000,256,0,0,0,0,0,1,0,0,0,0,0,0,0,1,0,0,0,1396.0
17.3,4,15,8,2.5,0,0,256,0,0,0,0,0,1,0,0,0,0,0,0,0,1,0,0,0,928.0
15.6,1,15,8,2.36,0,1000,0,0,0,0,0,0,1,0,0,0,0,0,0,0,1,0,0,0,638.99
15.6,4,14,4,2.2,0,1000,0,0,0,0,0,0,1,0,0,0,0,0,0,0,1,0,0,0,449.0
14.0,4,16,8,1.6,0,0,256,0,0,0,0,0,0,1,0,0,0,0,0,0,1,0,0,0,884.0
15.6,4,14,4,2.2,0,0,256,0,0,0,0,0,1,0,0,0,0,0,0,0,1,0,0,0,572.0
15.6,1,16,8,2.05,0,1000,0,0,0,0,0,0,1,0,0,0,0,0,0,0,1,0,0,0,598.0
14.0,4,16,8,1.63,0,0,256,0,0,0,0,0,1,0,0,0,0,0,0,0,1,0,0,0,988.0
15.6,1,10,4,1.9,0,1000,0,0,0,0,0,0,1,0,0,0,0,0,0,1,0,0,0,0,252.36
17.3,4,15,8,3.0,0,1000,128,0,0,0,1,0,0,0,0,0,0,0,0,0,1,0,0,0,938.0
15.6,4,15,4,2.2,0,1000,0,0,0,0,0,0,1,0,0,0,0,0,0,1,0,0,0,0,499.0
13.3,4,15,4,1.32,0,0,256,0,0,0,0,0,1,0,0,0,0,0,0,0,1,0,0,0,699.0
17.3,4,14,4,3.0,0,1000,0,0,0,0,0,0,1,0,0,0,0,0,0,0,1,0,0,0,655.0
14.0,4,15,8,1.75,0,0,256,0,0,0,0,0,1,0,0,0,0,0,0,0,1,0,0,0,1116.02
15.6,4,16,8,2.4,0,0,256,0,0,0,1,0,0,0,0,0,0,0,0,1,0,0,0,0,869.0
15.6,1,15,4,2.1,0,500,0,0,0,0,0,0,1,0,0,0,0,0,0,0,1,0,0,0,602.0
15.6,1,3,4,1.86,0,0,256,0,0,0,0,0,1,0,0,0,0,0,0,0,1,0,0,0,369.0
14.0,4,16,8,1.25,0,0,256,0,0,0,0,0,0,1,0,0,0,0,0,0,1,0,0,0,1099.0
12.5,14,11,8,0.97,1,0,512,0,0,0,0,0,0,1,0,0,0,0,0,0,1,0,0,0,2014.0
15.6,4,10,4,2.0,0,1000,0,0,0,0,0,0,1,0,0,0,0,0,0,0,1,0,0,0,344.0
17.3,4,16,16,2.9,0,1000,256,0,0,0,1,0,0,0,0,0,0,0,0,0,1,0,0,0,2029.0
15.6,1,14,4,2.1,0,1000,0,0,0,0,0,0,1,0,0,0,0,0,0,0,1,0,0,0,447.0
15.6,4,16,16,2.56,0,0,512,0,0,0,1,0,0,0,0,0,0,0,0,0,1,0,0,0,1249.26
15.6,4,16,8,2.62,0,0,0,1000,0,0,1,0,0,0,0,0,0,0,0,0,1,0,0,0,899.0
15.6,1,15,4,1.9,0,0,128,0,0,0,0,0,1,0,0,0,0,0,0,0,1,0,0,0,498.0
17.3,4,16,16,2.8,0,1000,256,0,0,0,1,0,0,0,0,0,0,0,0,0,1,0,0,0,1890.0
14.0,4,15,4,1.48,0,0,256,0,0,0,0,0,0,1,0,0,0,0,0,0,1,0,0,0,1082.0
15.6,4,15,6,1.91,0,0,256,0,0,0,0,0,1,0,0,0,0,0,0,0,1,0,0,0,619.0
14.0,4,14,4,1.74,1,0,256,0,0,1,0,0,0,0,0,0,0,0,0,0,1,0,0,0,629.0
13.3,4,15,8,1.1,1,0,256,0,0,1,0,0,0,0,0,0,0,0,0,0,1,0,0,0,1315.0
15.6,4,16,8,1.56,1,0,256,0,0,1,0,0,0,0,0,0,0,0,0,0,1,0,0,0,1049.0
15.6,1,14,4,2.1,0,500,0,0,0,0,0,0,1,0,0,0,0,0,0,0,1,0,0,0,447.0
15.6,1,5,4,2.03,0,1000,0,0,0,0,0,0,1,0,0,0,0,0,0,0,1,0,0,0,403.0
17.3,4,15,4,3.0,0,0,256,0,0,0,0,0,1,0,0,0,0,0,0,0,1,0,0,0,805.0
15.6,4,15,8,2.13,0,0,256,0,0,0,0,0,1,0,0,0,0,0,0,0,1,0,0,0,728.0
15.6,4,16,16,2.5,0,0,256,0,0,0,1,0,0,0,0,0,0,0,0,0,1,0,0,0,1079.0
15.6,1,10,4,2.1,0,1000,0,0,0,0,0,0,1,0,0,0,0,0,0,0,1,0,0,0,348.0
15.6,4,16,16,2.4,0,1000,256,0,0,0,1,0,0,0,0,0,0,0,0,0,1,0,0,0,1799.0
15.6,1,12,4,2.1,0,1000,0,0,0,0,0,0,1,0,0,0,0,0,0,0,1,0,0,0,363.51
15.6,4,16,8,2.56,0,1000,128,0,0,0,1,0,0,0,0,0,0,0,0,0,1,0,0,0,1060.49
17.3,4,15,8,3.0,0,0,256,0,0,0,0,0,1,0,0,0,0,0,0,0,1,0,0,0,854.0
13.3,4,15,4,1.49,0,500,0,0,0,0,0,0,1,0,0,0,0,0,0,0,1,0,0,0,754.0
13.0,6,15,8,1.05,0,0,256,0,0,0,0,0,0,1,0,0,0,0,0,0,1,0,0,0,1349.0
17.3,4,15,6,2.71,0,2000,0,0,0,0,0,0,1,0,0,0,0,0,0,0,1,0,0,0,699.0
15.6,1,3,4,2.2,0,500,0,0,0,0,0,0,1,0,0,0,0,0,0,1,0,0,0,0,309.0
15.6,1,14,4,2.0,0,500,0,0,0,0,0,0,1,0,0,0,0,0,0,0,1,0,0,0,489.0
17.3,4,15,8,2.5,0,0,256,0,0,0,0,0,1,0,0,0,0,0,0,0,1,0,0,0,923.0
15.6,1,14,8,2.3,0,1000,0,0,0,0,0,0,1,0,0,0,0,0,0,0,1,0,0,0,459.0
15.6,1,14,4,2.1,0,0,128,0,0,0,0,0,1,0,0,0,0,0,0,0,1,0,0,0,449.0
18.4,4,16,32,4.4,0,1000,512,0,0,0,1,0,0,0,0,0,0,0,0,0,1,0,0,0,2799.0
15.6,4,15,8,1.9,0,1000,128,0,0,0,0,0,1,0,0,0,0,0,0,0,1,0,0,0,813.0
13.3,14,15,8,1.29,1,0,256,0,0,1,0,0,0,0,0,0,0,0,0,0,1,0,0,0,1499.0
15.6,4,16,16,2.02,0,2000,256,0,0,0,0,0,1,0,0,0,0,1,0,0,0,0,0,0,1049.0
13.3,4,15,8,1.23,0,0,256,0,0,0,0,0,0,1,0,0,0,0,0,0,1,0,0,0,1399.0
13.9,14,16,16,1.4,1,0,512,0,0,1,0,0,0,0,0,0,0,0,0,0,1,0,0,0,1849.0
15.6,1,15,8,2.0,0,0,128,0,0,0,0,0,1,0,0,0,0,0,0,0,1,0,0,0,793.0
15.6,4,15,8,1.95,0,0,256,0,0,0,0,0,1,0,0,0,0,0,0,1,0,0,0,0,1199.0
17.3,4,16,16,2.77,1,0,512,0,0,0,0,0,1,0,0,0,0,0,0,0,1,0,0,0,1549.0
15.6,14,16,16,2.06,1,0,512,0,0,0,0,0,1,0,0,0,0,0,0,0,1,0,0,0,2397.0
15.6,4,15,8,2.4,0,0,256,0,0,0,1,0,0,0,0,0,0,0,0,1,0,0,0,0,779.0
13.3,4,15,8,1.12,0,0,256,0,0,0,0,0,0,1,0,0,0,0,0,0,1,0,0,0,989.0
17.3,4,16,8,2.8,0,1000,128,0,0,0,0,0,1,0,0,0,0,0,0,0,1,0,0,0,1085.0
14.0,9,16,16,1.42,1,0,1000,0,0,1,0,0,0,0,0,0,0,0,0,0,1,0,0,0,2824.0
14.0,4,10,4,1.3,0,0,0,0,32,0,0,0,1,0,0,0,0,0,0,0,1,0,0,0,260.0
13.3,4,15,8,1.3,0,0,256,0,0,0,0,0,0,1,0,0,0,0,0,1,0,0,0,0,999.9
17.3,3,15,8,2.8,0,0,256,0,0,0,0,0,1,0,0,0,0,0,0,1,0,0,0,0,698.0
13.3,4,16,8,1.62,1,1000,0,0,0,1,0,0,0,0,0,0,0,0,0,0,1,0,0,0,839.0
17.3,4,15,8,2.5,0,1000,0,0,0,0,0,0,1,0,0,0,0,0,0,0,1,0,0,0,914.0
17.3,14,16,32,3.49,1,0,1000,0,0,0,1,0,0,0,0,0,0,0,0,0,1,0,0,0,6099.0
13.3,4,15,8,1.49,0,0,512,0,0,0,0,0,1,0,0,0,0,0,0,0,1,0,0,0,959.0
17.3,4,16,16,3.35,0,1000,256,0,0,0,1,0,0,0,0,0,0,0,0,0,1,0,0,0,1379.0
17.3,4,16,8,2.5,0,0,256,0,0,0,0,0,1,0,0,0,0,0,0,0,1,0,0,0,1045.0
15.6,14,16,16,2.65,0,1000,512,0,0,0,1,0,0,0,0,0,0,0,0,0,1,0,0,0,1845.0
15.6,1,15,4,2.1,0,0,128,0,0,0,0,0,1,0,0,0,0,0,0,0,1,0,0,0,493.0
15.6,4,16,8,2.23,0,1000,0,0,0,0,0,0,1,0,0,0,0,0,0,0,1,0,0,0,742.0
15.6,4,16,16,3.2,0,1000,512,0,0,0,1,0,0,0,0,0,0,0,0,0,1,0,0,0,1749.0
15.6,14,13,16,2.8,0,1000,256,0,0,0,0,0,0,0,1,0,0,0,0,0,1,0,0,0,3055.0
15.6,4,16,16,2.4,0,0,512,0,0,0,1,0,0,0,0,0,0,0,0,1,0,0,0,0,1398.0
15.6,1,14,6,2.3,1,1000,0,0,0,0,0,0,1,0,0,0,0,0,0,0,1,0,0,0,439.0
13.3,14,16,8,1.21,1,0,256,0,0,0,0,0,0,1,0,0,0,0,0,0,1,0,0,0,1949.0
13.3,4,16,8,1.2,0,0,256,0,0,0,0,0,0,1,0,0,0,0,0,0,1,0,0,0,1449.0
15.6,1,15,8,2.2,0,0,256,0,0,0,0,0,1,0,0,0,0,0,0,0,1,0,0,0,597.0
15.6,4,16,8,2.4,0,1000,0,0,0,0,0,0,1,0,0,0,0,1,0,0,0,0,0,0,779.0
17.3,4,16,16,2.9,0,1000,256,0,0,0,1,0,0,0,0,0,0,0,0,0,1,0,0,0,1407.0
15.6,4,14,4,2.1,0,500,0,0,0,0,0,0,1,0,0,0,0,0,0,1,0,0,0,0,349.0
15.6,4,15,8,2.2,0,0,256,0,0,0,0,0,1,0,0,0,0,0,0,1,0,0,0,0,549.0
13.0,6,16,8,1.05,0,0,512,0,0,0,0,0,0,1,0,0,0,0,0,0,1,0,0,0,1499.0
13.3,4,16,8,1.4,0,0,256,0,0,0,0,0,0,1,0,0,0,0,0,0,1,0,0,0,931.88
17.3,3,15,8,2.8,0,1000,0,0,0,0,0,0,1,0,0,0,0,0,0,1,0,0,0,0,589.0
14.0,4,16,8,1.63,0,0,256,0,0,0,0,0,1,0,0,0,0,0,0,0,1,0,0,0,1031.0
14.0,4,15,8,1.6,0,0,256,0,0,0,0,0,0,1,0,0,0,0,0,0,1,0,0,0,1149.0
13.3,4,16,16,1.62,1,0,512,0,0,1,0,0,0,0,0,0,0,0,0,0,1,0,0,0,1279.0
15.6,4,15,8,2.2,0,0,256,0,0,0,0,0,1,0,0,0,0,1,0,0,0,0,0,0,677.35
14.0,4,15,8,1.74,0,0,256,0,0,1,0,0,0,0,0,0,0,0,0,0,1,0,0,0,899.0
13.3,4,16,8,1.2,0,0,256,0,0,0,0,0,0,1,0,0,0,0,0,0,1,0,0,0,1363.0
15.6,4,15,8,2.1,0,1000,0,0,0,0,0,0,1,0,0,0,0,0,0,0,1,0,0,0,794.0
17.3,4,16,16,4.42,0,1000,256,0,0,0,1,0,0,0,0,0,0,0,0,0,1,0,0,0,2456.34
15.6,4,16,8,2.2,0,0,256,0,0,0,0,0,1,0,0,0,0,0,0,0,1,0,0,0,832.0
15.6,4,16,16,2.3,1,1000,0,0,0,0,0,0,1,0,0,0,0,0,0,0,1,0,0,0,859.01
15.6,4,15,8,2.0,0,0,256,0,0,0,0,0,1,0,0,0,0,0,0,0,1,0,0,0,769.0
17.3,4,15,8,2.69,0,500,256,0,0,0,0,0,1,0,0,0,0,0,0,0,1,0,0,0,891.0
15.6,4,16,8,1.9,0,1000,0,0,0,0,0,0,1,0,0,0,0,0,0,0,1,0,0,0,1269.0
15.6,1,14,4,2.37,0,1000,0,0,0,0,0,0,1,0,0,0,0,0,0,0,1,0,0,0,398.99
15.6,1,6,4,2.1,0,500,0,0,0,0,0,0,1,0,0,0,0,0,0,0,1,0,0,0,330.0
15.6,4,16,16,3.2,0,1000,256,0,0,0,1,0,0,0,0,0,0,0,0,0,1,0,0,0,1499.0
14.0,4,15,8,1.6,0,0,256,0,0,0,0,0,1,0,0,0,0,0,0,0,1,0,0,0,859.0
13.3,4,15,8,1.6,1,0,256,0,0,1,0,0,0,0,0,0,0,0,0,0,1,0,0,0,689.0
15.6,4,16,16,2.36,0,0,256,0,0,0,0,0,1,0,0,0,0,1,0,0,0,0,0,0,899.0
15.6,1,14,4,2.1,0,1000,0,0,0,0,0,0,1,0,0,0,0,1,0,0,0,0,0,0,390.0
15.6,4,0,4,2.2,0,1000,128,0,0,0,0,0,1,0,0,0,0,0,0,0,1,0,0,0,575.0
17.3,4,16,32,4.7,0,1000,512,0,0,0,1,0,0,0,0,0,0,0,0,0,1,0,0,0,3890.0
15.6,4,15,8,2.5,0,0,256,0,0,0,1,0,0,0,0,0,0,0,0,0,1,0,0,0,846.0
15.6,1,14,8,2.2,0,0,128,0,0,0,0,0,1,0,0,0,0,0,0,0,1,0,0,0,589.0
17.3,4,16,8,2.1,0,1000,128,0,0,0,0,0,1,0,0,0,0,0,0,0,1,0,0,0,1145.0
17.3,4,16,8,2.69,0,1000,128,0,0,0,0,0,1,0,0,0,0,0,0,1,0,0,0,0,889.0
15.6,4,15,8,2.56,0,0,256,0,0,0,1,0,0,0,0,0,0,0,0,0,1,0,0,0,879.0
13.9,4,16,8,1.38,1,0,256,0,0,1,0,0,0,0,0,0,0,0,0,0,1,0,0,0,1079.0
15.6,4,16,8,2.2,0,2000,128,0,0,0,0,0,1,0,0,0,0,0,0,0,1,0,0,0,985.0
15.6,1,15,8,2.04,1,1000,0,0,0,0,0,0,1,0,0,0,0,0,0,0,1,0,0,0,559.0
17.3,4,16,16,3.6,0,0,256,0,0,0,1,0,0,0,0,0,0,0,0,0,1,0,0,0,2999.0
13.3,4,15,4,1.49,0,500,0,0,0,0,0,0,1,0,0,0,0,0,0,0,1,0,0,0,675.0
13.3,11,15,8,1.37,0,0,512,0,0,0,0,0,0,1,0,0,0,0,0,0,0,0,0,1,2040.0
15.6,4,16,8,2.08,1,1000,0,0,0,1,0,0,0,0,0,0,0,0,0,0,1,0,0,0,819.0
17.3,4,16,16,4.3,0,1000,256,0,0,0,1,0,0,0,0,0,0,0,0,0,1,0,0,0,1799.0
15.6,1,5,4,1.68,0,1000,0,0,0,0,0,0,1,0,0,0,0,0,0,0,1,0,0,0,469.0
13.9,4,16,8,1.37,1,0,512,0,0,1,0,0,0,0,0,0,0,0,0,0,1,0,0,0,1849.0
17.3,4,14,4,3.0,0,0,256,0,0,0,0,0,1,0,0,0,0,0,0,0,1,0,0,0,702.0
13.3,4,15,8,1.41,0,0,256,0,0,0,0,0,0,1,0,0,0,0,0,0,1,0,0,0,949.0
15.6,1,3,8,1.91,0,0,128,0,0,0,0,0,1,0,0,0,0,0,0,0,1,0,0,0,445.9
17.3,4,16,16,2.9,0,1000,0,0,0,0,0,0,1,0,0,0,0,0,0,0,1,0,0,0,1059.0
17.3,4,16,16,4.14,0,1000,512,0,0,0,1,0,0,0,0,0,0,0,0,0,1,0,0,0,2499.0
15.6,4,16,8,2.0,1,0,512,0,0,1,0,0,0,0,0,0,0,0,0,0,1,0,0,0,1699.0
17.3,4,16,8,2.8,0,1000,128,0,0,0,0,0,1,0,0,0,0,0,0,0,1,0,0,0,1142.0
15.6,4,14,4,2.2,0,0,256,0,0,0,0,0,1,0,0,0,0,0,0,1,0,0,0,0,444.0
15.6,4,15,4,2.1,0,500,0,0,0,0,0,0,1,0,0,0,0,0,0,0,1,0,0,0,722.0
15.6,4,15,4,2.18,0,1000,0,0,0,0,0,0,1,0,0,0,0,0,0,0,1,0,0,0,657.0
15.6,4,15,8,2.24,0,1000,0,0,0,0,0,0,1,0,0,0,0,0,0,0,1,0,0,0,565.0
15.6,4,15,8,2.67,1,0,256,0,0,1,0,0,0,0,0,0,0,0,0,0,1,0,0,0,799.0
13.3,4,16,8,1.1,1,0,1000,0,0,1,0,0,0,0,0,0,0,0,0,0,1,0,0,0,1499.0
15.6,4,15,4,2.2,0,1000,0,0,0,0,0,0,1,0,0,0,0,0,0,1,0,0,0,0,467.0
17.3,4,16,8,2.5,0,1000,0,0,0,0,0,0,1,0,0,0,0,0,0,0,1,0,0,0,1018.0
15.6,4,16,8,2.05,0,0,256,0,0,0,0,0,1,0,0,0,0,0,0,0,1,0,0,0,880.0
13.3,11,15,8,1.37,0,0,512,0,0,0,0,0,0,1,0,0,0,0,0,0,0,0,0,1,1958.9
17.3,4,8,16,3.2,0,1000,256,0,0,0,1,0,0,0,0,0,0,0,0,0,1,0,0,0,1549.0
15.6,4,16,8,2.14,0,0,256,0,0,0,0,0,1,0,0,0,0,1,0,0,0,0,0,0,735.07
14.0,9,16,16,1.36,1,0,512,0,0,1,0,0,0,0,0,0,0,0,0,0,1,0,0,0,2499.0
15.6,1,16,8,2.2,0,500,0,0,0,0,0,0,1,0,0,0,0,0,0,0,1,0,0,0,812.0
15.6,1,16,12,2.3,0,1000,0,0,0,0,0,0,1,0,0,0,0,0,0,0,1,0,0,0,713.07
17.3,4,16,8,2.8,0,1000,128,0,0,0,0,0,1,0,0,0,0,1,0,0,0,0,0,0,1099.0
15.6,4,16,8,2.2,0,1000,0,0,0,0,0,0,1,0,0,0,0,0,0,0,1,0,0,0,745.0
17.3,3,14,4,2.8,0,1000,0,0,0,0,0,0,1,0,0,0,0,0,0,0,1,0,0,0,489.0
17.3,4,16,8,2.8,0,2000,0,0,0,0,0,0,1,0,0,0,0,0,0,1,0,0,0,0,849.0
17.3,3,16,6,2.8,0,1000,128,0,0,0,0,0,1,0,0,0,0,0,0,0,1,0,0,0,859.0
15.6,4,14,4,2.25,0,1000,0,0,0,0,0,0,1,0,0,0,0,1,0,0,0,0,0,0,428.0
15.6,4,15,8,2.5,0,0,256,0,0,0,1,0,0,0,0,0,0,0,0,0,1,0,0,0,829.0
15.6,4,15,6,2.2,0,0,256,0,0,0,0,0,1,0,0,0,0,0,0,0,1,0,0,0,579.0
15.6,4,16,8,3.0,0,0,256,0,0,0,0,0,1,0,0,0,0,0,0,0,1,0,0,0,951.0
15.6,4,16,12,2.15,1,1000,0,0,0,0,0,0,1,0,0,0,0,0,0,0,1,0,0,0,659.0
15.6,4,16,8,1.95,0,0,256,0,0,0,0,0,1,0,0,0,0,0,0,0,1,0,0,0,1097.0
15.6,4,15,8,1.7,0,0,256,0,0,0,0,0,0,1,0,0,0,0,0,0,1,0,0,0,977.0
15.6,4,16,16,2.5,0,1000,256,0,0,0,1,0,0,0,0,0,0,0,0,0,1,0,0,0,1179.0
15.6,4,16,8,2.2,0,1000,0,0,0,0,0,0,1,0,0,0,0,0,0,1,0,0,0,0,659.01
15.6,1,10,2,2.19,0,0,16,0,0,0,0,0,1,0,0,0,1,0,0,0,0,0,0,0,199.0
17.3,4,16,8,3.0,0,1000,0,0,0,0,1,0,0,0,0,0,0,0,0,0,1,0,0,0,1187.0
17.3,3,14,8,2.54,0,1000,0,0,0,0,0,0,1,0,0,0,0,0,0,0,1,0,0,0,489.0
15.6,4,16,8,2.0,0,0,256,0,0,0,0,0,1,0,0,0,0,0,0,0,1,0,0,0,1829.0
15.6,4,15,8,2.05,0,0,256,0,0,0,0,0,1,0,0,0,0,0,0,0,1,0,0,0,739.0
15.6,4,16,8,3.2,0,1000,0,0,0,0,1,0,0,0,0,0,0,0,0,0,1,0,0,0,1299.0
15.6,4,16,8,2.5,0,0,256,0,0,0,0,0,1,0,0,0,0,1,0,0,0,0,0,0,979.0
17.3,4,16,16,3.42,0,0,256,0,0,0,0,0,0,0,1,0,0,0,0,0,1,0,0,0,2884.86
15.6,4,0,6,2.4,0,1000,0,0,0,0,0,0,1,0,0,0,0,0,0,0,1,0,0,0,499.0
15.6,4,16,16,1.63,0,0,512,0,0,0,0,0,0,1,0,0,0,0,0,0,1,0,0,0,1468.0
14.0,1,14,4,1.3,0,0,128,0,0,0,0,0,1,0,0,0,0,0,0,0,1,0,0,0,509.0
17.3,4,16,16,2.9,0,1000,256,0,0,0,1,0,0,0,0,0,0,0,0,0,1,0,0,0,2122.0
17.3,3,15,6,2.8,0,1000,0,0,0,0,0,0,1,0,0,0,0,0,0,0,1,0,0,0,649.0
15.6,1,15,8,2.2,0,2000,0,0,0,0,0,0,1,0,0,0,0,0,0,1,0,0,0,0,549.0
15.6,4,16,8,2.5,0,1000,128,0,0,0,1,0,0,0,0,0,0,0,0,0,1,0,0,0,1265.0
15.6,1,12,4,2.2,0,1000,0,0,0,0,0,0,1,0,0,0,0,0,0,1,0,0,0,0,359.99
13.3,4,16,16,1.28,1,0,256,0,0,1,0,0,0,0,0,0,0,0,0,0,1,0,0,0,1975.0
15.6,4,16,8,2.2,0,0,256,0,0,0,0,0,1,0,0,0,0,0,0,0,1,0,0,0,1043.0
15.6,4,15,8,2.3,0,1000,128,0,0,0,0,0,1,0,0,0,0,0,0,0,1,0,0,0,819.0
15.6,4,14,4,1.86,0,1000,0,0,0,0,0,0,1,0,0,0,0,0,0,0,1,0,0,0,469.0
13.3,4,15,8,1.1,0,0,256,0,0,0,0,0,1,0,0,0,0,0,0,0,1,0,0,0,999.0
13.3,14,16,16,1.21,1,0,1000,0,0,0,0,0,0,1,0,0,0,0,0,0,1,0,0,0,2499.0
15.6,4,16,16,2.8,0,1000,256,0,0,0,1,0,0,0,0,0,0,0,0,0,1,0,0,0,2099.0
15.6,4,4,8,2.23,0,0,256,0,0,0,0,0,1,0,0,0,0,0,0,0,1,0,0,0,469.0
11.6,1,10,2,1.1,1,0,0,0,32,1,0,0,0,0,0,0,0,0,0,0,1,0,0,0,275.0
15.6,4,15,8,2.33,0,1000,128,0,0,0,0,0,1,0,0,0,0,0,0,0,1,0,0,0,844.0
13.3,14,16,16,1.29,1,0,1000,0,0,1,0,0,0,0,0,0,0,0,0,0,1,0,0,0,2449.0
13.3,1,10,4,1.45,0,0,0,0,16,0,0,0,1,0,0,0,1,0,0,0,0,0,0,0,459.9
14.0,4,15,8,1.95,0,0,256,0,0,0,0,0,1,0,0,0,0,0,0,0,1,0,0,0,980.0
11.6,1,12,4,1.4,0,0,0,0,128,0,0,0,1,0,0,0,0,0,0,0,1,0,0,0,485.0
14.0,4,16,8,1.48,0,0,256,0,0,0,0,0,1,0,0,0,0,0,0,0,1,0,0,0,1292.0
17.3,3,15,4,2.79,0,1000,0,0,0,0,0,0,1,0,0,0,0,0,0,0,1,0,0,0,589.0
14.0,4,16,8,2.0,0,0,256,0,0,0,0,0,1,0,0,0,0,0,0,0,1,0,0,0,1094.0
15.6,1,16,8,2.1,0,1000,0,0,0,0,0,0,1,0,0,0,0,0,0,0,1,0,0,0,902.0
15.6,1,1,8,2.2,0,0,256,0,0,0,0,0,1,0,0,0,0,0,0,0,1,0,0,0,659.0
14.0,1,10,4,1.44,0,0,0,0,32,0,0,0,1,0,0,0,0,0,0,0,1,0,0,0,292.0
15.6,1,15,6,2.23,0,1000,0,0,0,0,0,0,1,0,0,0,0,0,0,0,1,0,0,0,549.0
15.6,4,16,8,1.7,0,0,256,0,0,0,0,0,0,1,0,0,0,0,0,0,1,0,0,0,1049.9
12.5,4,16,8,1.26,0,0,256,0,0,0,0,0,0,1,0,0,0,0,0,0,1,0,0,0,1335.0
15.6,14,16,32,2.06,1,0,1000,0,0,0,0,0,1,0,0,0,0,0,0,0,1,0,0,0,2639.0
17.3,4,16,8,2.7,0,1000,256,0,0,0,1,0,0,0,0,0,0,0,0,0,1,0,0,0,1199.0
15.6,4,15,8,2.0,0,0,256,0,0,0,0,0,1,0,0,0,0,0,0,0,1,0,0,0,943.0
14.0,4,16,8,2.0,0,1000,256,0,0,0,0,0,1,0,0,0,0,0,0,0,1,0,0,0,1334.0
15.6,4,14,4,1.85,0,1000,0,0,0,0,0,0,1,0,0,0,0,0,0,0,1,0,0,0,449.0
15.6,4,16,8,2.5,0,0,256,0,0,0,1,0,0,0,0,0,0,0,0,0,1,0,0,0,999.0
14.0,4,15,8,1.48,0,0,256,0,0,0,0,0,1,0,0,0,0,0,0,0,1,0,0,0,1268.0
15.6,4,15,8,1.9,0,1000,128,0,0,0,0,0,0,1,0,0,0,0,0,0,1,0,0,0,1049.0
15.6,4,15,8,1.84,0,0,256,0,0,0,0,0,1,0,0,0,0,0,0,0,1,0,0,0,1144.0
15.6,1,10,4,2.0,0,1000,0,0,0,0,0,0,1,0,0,0,0,1,0,0,0,0,0,0,274.99
15.6,4,15,8,2.0,0,0,256,0,0,0,0,0,1,0,0,0,0,0,0,0,1,0,0,0,1142.75
15.6,1,10,4,2.2,0,500,0,0,0,0,0,0,1,0,0,0,0,1,0,0,0,0,0,0,274.9
15.6,4,1,12,2.2,0,2000,0,0,0,0,0,0,1,0,0,0,0,0,0,0,1,0,0,0,899.0
15.6,4,14,8,2.1,0,1000,0,0,0,0,0,0,1,0,0,0,0,0,0,0,1,0,0,0,716.0
13.9,14,16,16,1.4,1,0,512,0,0,1,0,0,0,0,0,0,0,0,0,0,1,0,0,0,2099.0
13.3,4,16,8,1.2,0,0,256,0,0,0,0,0,0,1,0,0,0,0,0,0,1,0,0,0,1579.0
15.6,4,16,16,2.4,0,2000,256,0,0,0,1,0,0,0,0,0,0,0,0,0,1,0,0,0,1129.0
14.0,1,10,2,1.44,0,0,0,0,32,0,0,0,1,0,0,0,0,0,0,0,1,0,0,0,279.0
15.6,4,16,16,1.88,0,0,768,0,0,0,0,0,0,1,0,0,0,0,0,0,1,0,0,0,1607.96
11.6,1,10,4,1.5,1,0,0,0,32,1,0,0,0,0,0,0,0,0,0,0,1,0,0,0,375.0
15.6,4,15,8,1.9,0,1000,0,0,0,0,0,0,0,1,0,0,0,0,0,0,1,0,0,0,663.0
15.6,14,16,16,2.06,1,0,512,0,0,0,0,0,1,0,0,0,0,0,0,0,1,0,0,0,2027.42
15.6,4,16,8,1.84,0,0,256,0,0,0,0,0,1,0,0,0,0,0,0,0,1,0,0,0,1304.0
17.3,4,16,8,2.7,0,1000,128,0,0,0,1,0,0,0,0,0,0,0,0,0,1,0,0,0,1409.0
15.6,4,16,8,2.6,0,0,256,0,0,0,0,0,0,0,1,0,0,0,0,0,1,0,0,0,1738.27
15.6,4,16,16,2.4,0,0,512,0,0,0,0,0,1,0,0,0,0,0,0,0,1,0,0,0,1403.0
15.6,4,16,8,2.02,0,2000,128,0,0,0,0,0,1,0,0,0,0,0,0,0,1,0,0,0,970.9
15.6,1,10,4,2.2,0,1000,0,0,0,0,0,0,1,0,0,0,0,0,0,1,0,0,0,0,321.99
15.6,4,15,8,2.65,0,1000,0,0,0,0,1,0,0,0,0,0,0,0,0,0,1,0,0,0,999.0
15.6,1,15,8,2.36,1,2000,0,0,0,0,0,0,1,0,0,0,0,0,0,0,1,0,0,0,557.37
14.0,4,15,8,1.36,0,0,256,0,0,0,0,0,1,0,0,0,0,0,0,0,1,0,0,0,1427.0
15.6,1,14,4,1.86,0,500,0,0,0,0,0,0,1,0,0,0,0,0,0,0,1,0,0,0,439.0
14.0,4,15,8,2.0,0,0,256,0,0,0,0,0,1,0,0,0,0,0,0,0,1,0,0,0,945.0
17.3,3,15,6,2.8,0,1000,128,0,0,0,0,0,1,0,0,0,0,0,0,0,1,0,0,0,719.0
15.6,4,15,8,1.86,0,1000,0,0,0,0,0,0,1,0,0,0,0,0,0,0,1,0,0,0,639.0
15.6,1,14,8,2.2,0,0,256,0,0,0,0,0,1,0,0,0,0,0,0,1,0,0,0,0,499.0
15.6,1,12,8,2.04,0,2000,0,0,0,0,0,0,1,0,0,0,0,0,0,0,1,0,0,0,389.0
17.3,4,15,8,2.8,0,1000,128,0,0,0,0,0,1,0,0,0,0,0,0,0,1,0,0,0,1085.0
15.6,4,15,8,2.4,0,1000,128,0,0,0,1,0,0,0,0,0,0,0,0,1,0,0,0,0,809.0
15.6,4,16,8,2.33,0,0,256,0,0,0,0,0,1,0,0,0,0,0,0,0,1,0,0,0,899.0
14.0,4,16,8,1.36,0,0,256,0,0,0,0,0,0,1,0,0,0,0,0,0,1,0,0,0,1750.0
15.6,4,16,12,2.26,1,2000,512,0,0,1,0,0,0,0,0,0,0,0,0,0,1,0,0,0,1099.0
15.6,1,5,4,2.1,0,0,128,0,0,0,0,0,1,0,0,0,0,0,0,0,1,0,0,0,426.0
17.3,4,8,16,3.25,0,1000,256,0,0,0,1,0,0,0,0,0,0,0,0,0,1,0,0,0,2199.0
17.3,3,4,4,2.6,0,0,128,0,0,0,0,0,1,0,0,0,0,0,0,0,1,0,0,0,489.0
13.3,4,16,8,1.62,1,0,256,0,0,1,0,0,0,0,0,0,0,0,0,0,1,0,0,0,869.01
15.6,4,5,4,1.91,0,0,256,0,0,0,0,0,1,0,0,0,0,0,0,0,1,0,0,0,488.99
11.6,1,10,4,1.59,0,0,128,0,0,0,0,1,0,0,0,0,0,0,0,0,1,0,0,0,553.0
15.6,1,10,4,1.8,0,500,0,0,0,0,0,0,1,0,0,0,0,0,0,0,1,0,0,0,309.0
14.0,1,10,4,1.5,0,0,0,0,32,0,0,0,1,0,0,0,0,0,0,0,1,0,0,0,286.0
15.6,4,16,8,2.4,0,1000,0,0,0,0,0,0,1,0,0,0,0,1,0,0,0,0,0,0,846.0
17.3,4,16,8,3.35,0,1000,128,0,0,0,1,0,0,0,0,0,0,0,0,0,1,0,0,0,1191.0
15.6,4,14,4,1.85,0,0,128,0,0,0,0,0,1,0,0,0,0,0,0,1,0,0,0,0,403.5
15.6,4,16,8,2.3,0,1000,128,0,0,0,1,0,0,0,0,0,0,0,0,0,1,0,0,0,1655.0
14.0,4,15,8,1.5,0,0,256,0,0,0,0,0,1,0,0,0,0,0,0,0,1,0,0,0,1099.0
13.3,4,16,16,1.1,1,0,512,0,0,0,0,0,0,1,0,0,0,0,0,0,1,0,0,0,1748.9
14.0,9,16,8,1.13,0,0,512,0,0,0,0,0,0,1,0,0,0,0,0,0,1,0,0,0,2282.0
13.3,4,14,4,1.5,0,0,128,0,0,0,0,0,1,0,0,0,0,0,0,0,1,0,0,0,549.0
15.6,4,15,8,2.23,0,500,0,0,0,0,0,0,0,0,1,0,0,0,0,0,1,0,0,0,1369.0
15.6,4,16,8,2.0,0,0,256,0,0,0,0,0,0,0,1,0,0,0,0,0,1,0,0,0,2135.0
14.0,9,16,16,1.42,1,0,512,0,0,1,0,0,0,0,0,0,0,0,0,0,1,0,0,0,2509.0
17.3,4,16,8,3.0,0,1000,0,0,0,0,1,0,0,0,0,0,0,0,0,0,1,0,0,0,1039.0
17.3,4,16,16,3.0,0,1000,256,0,0,0,1,0,0,0,0,0,0,0,0,0,1,0,0,0,1591.0
15.6,1,15,12,2.2,0,1000,0,0,0,0,0,0,1,0,0,0,0,0,0,0,1,0,0,0,693.99
17.3,4,16,8,2.7,0,0,256,0,0,0,1,0,0,0,0,0,0,0,0,0,1,0,0,0,1349.0
15.6,4,16,8,2.33,0,0,256,0,0,0,0,0,1,0,0,0,0,1,0,0,0,0,0,0,778.87
15.6,4,5,4,1.91,0,0,256,0,0,0,0,0,0,1,0,0,0,0,0,0,1,0,0,0,499.0
15.6,4,16,8,2.1,0,0,256,0,0,0,0,0,1,0,0,0,0,0,0,0,1,0,0,0,1229.56
14.0,4,15,8,1.9,0,0,256,0,0,0,0,0,1,0,0,0,0,0,0,0,1,0,0,0,938.0
15.6,14,16,8,1.78,1,0,256,0,0,0,0,0,0,0,1,0,0,0,0,0,1,0,0,0,2712.0
14.0,9,16,16,1.13,0,0,1000,0,0,0,0,0,0,1,0,0,0,0,0,0,1,0,0,0,2625.0
15.6,1,10,4,2.2,0,1000,0,0,0,0,0,0,1,0,0,0,0,0,0,0,1,0,0,0,306.0
17.3,4,16,16,2.9,0,1000,256,0,0,0,1,0,0,0,0,0,0,0,0,0,1,0,0,0,1529.0
15.6,4,15,8,2.1,0,1000,256,0,0,0,0,0,1,0,0,0,0,0,0,0,1,0,0,0,1144.5
15.6,4,16,8,2.5,0,0,256,0,0,0,0,0,1,0,0,0,0,1,0,0,0,0,0,0,879.0
17.3,4,16,16,2.8,0,1000,256,0,0,0,1,0,0,0,0,0,0,0,0,0,1,0,0,0,2249.0
14.0,4,16,8,1.1,0,0,512,0,0,0,0,0,0,1,0,0,0,0,0,0,1,0,0,0,1873.0
13.3,4,16,16,1.2,0,0,512,0,0,0,0,0,0,1,0,0,0,0,0,0,1,0,0,0,1747.0
14.0,4,16,8,1.36,0,0,512,0,0,0,0,0,0,1,0,0,0,0,0,0,1,0,0,0,1680.0
15.6,4,14,4,2.2,0,500,0,0,0,0,0,0,1,0,0,0,0,0,0,0,1,0,0,0,409.0
11.6,1,10,2,1.15,0,0,0,0,32,0,0,0,1,0,0,0,0,0,0,0,1,0,0,0,304.45
15.6,4,16,8,2.67,0,0,512,0,0,0,0,0,0,0,1,0,0,0,0,0,1,0,0,0,1925.0
14.0,9,16,8,1.7,0,0,512,0,0,0,0,0,0,1,0,0,0,0,0,0,1,0,0,0,1943.0
15.6,4,14,4,2.1,0,1000,0,0,0,0,0,0,1,0,0,0,0,0,0,0,1,0,0,0,469.0
13.3,4,16,8,1.6,1,0,256,0,0,1,0,0,0,0,0,0,0,0,0,0,1,0,0,0,789.01
13.3,4,15,8,1.27,1,0,256,0,0,1,0,0,0,0,0,0,0,0,0,0,1,0,0,0,928.0
15.6,4,15,4,2.3,0,0,256,0,0,0,0,0,1,0,0,0,0,1,0,0,0,0,0,0,598.9
13.3,1,14,4,1.65,0,0,128,0,0,0,0,0,1,0,0,0,0,0,0,0,1,0,0,0,689.0
14.0,4,16,8,1.43,0,0,256,0,0,0,0,0,0,1,0,0,0,0,0,0,1,0,0,0,1500.0
15.6,1,15,8,2.14,0,1000,0,0,0,0,0,0,1,0,0,0,0,0,0,0,1,0,0,0,539.95
14.0,4,16,8,1.75,0,0,256,0,0,0,0,0,0,1,0,0,0,0,0,0,1,0,0,0,1215.38
15.6,14,16,16,2.0,1,0,512,0,0,1,0,0,0,0,0,0,0,0,0,0,1,0,0,0,1899.0
15.6,4,16,8,2.31,0,0,256,0,0,0,0,0,1,0,0,0,0,0,0,0,1,0,0,0,1427.0
15.6,4,14,8,2.3,0,1000,0,0,0,0,0,0,1,0,0,0,0,1,0,0,0,0,0,0,597.0
17.3,9,16,16,4.42,0,1000,256,0,0,0,1,0,0,0,0,0,0,0,0,0,1,0,0,0,2799.0
15.6,4,16,8,2.62,0,1000,128,0,0,0,1,0,0,0,0,0,0,0,0,0,1,0,0,0,1159.0
15.6,4,16,8,2.02,0,2000,256,0,0,0,0,0,1,0,0,0,0,0,0,0,1,0,0,0,1142.4
14.0,4,16,8,1.6,0,0,256,0,0,0,0,0,0,1,0,0,0,1,0,0,0,0,0,0,1099.0
17.3,4,16,12,3.35,0,1000,256,0,0,0,1,0,0,0,0,0,0,0,0,0,1,0,0,0,1999.0
11.6,4,10,4,1.16,1,0,32,0,0,1,0,0,0,0,0,0,0,0,0,0,1,0,0,0,299.0
11.6,1,10,4,1.15,0,0,0,0,16,0,0,1,0,0,0,0,1,0,0,0,0,0,0,0,269.0
13.3,4,16,8,1.4,0,0,256,0,0,0,0,0,1,0,0,0,0,0,0,0,1,0,0,0,1010.0
14.0,4,14,4,1.7,0,0,128,0,0,0,0,0,1,0,0,0,0,0,0,0,1,0,0,0,599.0
15.6,14,16,16,2.3,0,0,512,0,0,0,0,0,0,0,1,0,0,0,0,0,1,0,0,0,2445.0
15.6,4,16,16,2.5,0,0,512,0,0,0,0,0,1,0,0,0,0,0,0,0,1,0,0,0,2449.0
17.3,4,8,8,3.2,0,1000,256,0,0,0,1,0,0,0,0,0,0,0,0,0,1,0,0,0,1695.0
15.6,1,10,4,2.1,0,500,0,0,0,0,0,0,1,0,0,0,0,0,0,0,1,0,0,0,347.0
12.3,10,16,16,1.1,1,0,512,0,0,0,0,0,0,1,0,0,1,0,0,0,0,0,0,0,2199.0
14.0,9,16,24,1.32,0,0,512,0,0,0,0,0,0,1,0,0,0,0,0,0,1,0,0,0,2382.0
15.6,4,15,4,2.0,0,0,256,0,0,0,0,0,1,0,0,0,0,1,0,0,0,0,0,0,559.0
17.3,3,3,8,2.8,0,1000,0,0,0,0,0,0,1,0,0,0,0,0,0,0,1,0,0,0,519.0
15.6,4,15,4,2.2,0,0,256,0,0,0,0,0,1,0,0,0,0,0,0,0,1,0,0,0,749.0
12.5,4,15,8,1.36,0,0,256,0,0,0,0,0,0,1,0,0,0,0,0,0,1,0,0,0,1429.0
15.6,4,12,4,2.2,0,0,128,0,0,0,0,0,1,0,0,0,0,0,0,0,1,0,0,0,349.0
15.6,4,16,8,2.2,0,1000,128,0,0,0,1,0,0,0,0,0,0,0,0,0,1,0,0,0,1099.0
14.0,4,15,8,1.64,0,0,256,0,0,0,0,0,1,0,0,0,0,0,0,0,1,0,0,0,1179.0
15.6,1,15,4,2.4,0,500,0,0,0,0,0,0,1,0,0,0,0,1,0,0,0,0,0,0,441.8
15.6,4,13,8,2.23,0,1000,0,0,64,0,0,0,0,0,1,0,0,0,0,0,1,0,0,0,1993.0
15.6,4,15,8,2.2,0,0,256,0,0,0,1,0,0,0,0,0,0,0,0,0,1,0,0,0,1027.74
13.5,8,16,16,1.25,1,0,512,0,0,0,0,0,0,1,0,0,0,0,0,0,0,1,0,0,2589.0
15.6,1,15,8,1.91,0,0,128,0,0,0,0,0,1,0,0,0,0,0,0,0,1,0,0,0,589.0
15.6,4,16,16,2.17,0,0,256,0,0,0,0,0,0,0,1,0,0,0,0,0,1,0,0,0,1975.0
15.6,4,16,8,2.31,0,0,512,0,0,0,0,0,0,0,1,0,0,0,0,0,1,0,0,0,1534.0
14.0,4,15,8,1.65,0,0,256,0,0,0,0,0,1,0,0,0,0,0,0,0,1,0,0,0,1345.0
15.6,4,16,8,2.36,0,1000,128,0,0,0,0,0,1,0,0,0,0,0,0,0,1,0,0,0,979.0
11.6,1,12,4,1.47,1,500,0,0,0,1,0,0,0,0,0,0,0,0,0,0,1,0,0,0,479.0
17.3,4,16,8,4.42,0,1000,0,0,0,0,0,0,1,0,0,0,0,0,0,0,1,0,0,0,2046.0
13.5,8,11,4,1.25,1,0,128,0,0,0,0,0,0,1,0,0,0,0,0,0,0,1,0,0,989.0
13.5,8,16,8,1.25,1,0,256,0,0,0,0,0,0,1,0,0,0,0,0,0,0,1,0,0,1799.0
17.3,3,14,8,2.5,0,0,256,0,0,0,0,0,1,0,0,0,0,0,0,0,1,0,0,0,639.9
15.6,4,14,4,2.23,0,1000,0,0,0,0,0,0,1,0,0,0,0,0,0,0,1,0,0,0,544.0
11.6,1,10,4,1.4,0,0,128,0,0,0,0,1,0,0,0,0,0,0,0,0,1,0,0,0,435.0
15.6,4,15,8,2.37,0,1000,0,0,0,0,0,0,1,0,0,0,0,0,0,0,1,0,0,0,749.0
14.0,4,16,8,1.5,0,0,512,0,0,0,0,0,1,0,0,0,0,0,0,1,0,0,0,0,799.0
15.6,4,16,8,2.67,0,0,256,0,0,0,0,0,1,0,0,0,0,0,0,0,1,0,0,0,2090.0
15.6,1,12,4,2.0,0,500,0,0,0,0,0,0,1,0,0,0,0,0,0,0,1,0,0,0,304.0
15.6,1,14,4,2.2,0,500,0,0,0,0,0,0,1,0,0,0,0,0,0,0,1,0,0,0,469.0
15.6,4,15,8,2.02,0,2000,0,0,0,0,0,0,1,0,0,0,0,0,0,0,1,0,0,0,759.0
17.3,4,16,12,3.78,0,1000,0,0,0,0,1,0,0,0,0,0,0,0,0,0,1,0,0,0,1699.0
14.0,9,16,12,1.4,0,0,256,0,0,0,0,0,0,1,0,0,0,0,0,0,1,0,0,0,1858.0
13.3,14,16,8,1.29,1,0,512,0,0,1,0,0,0,0,0,0,0,0,0,0,1,0,0,0,1999.0
15.6,4,15,8,1.9,0,500,0,0,0,0,0,0,1,0,0,0,0,0,0,0,1,0,0,0,1154.0
12.3,10,15,8,1.1,1,0,128,0,0,0,0,0,0,1,0,0,1,0,0,0,0,0,0,0,1275.0
13.3,4,15,8,1.42,1,0,256,0,0,0,0,0,0,1,0,0,0,0,0,0,1,0,0,0,1841.85
15.6,14,16,12,2.06,0,1000,128,0,0,0,0,0,1,0,0,0,0,0,0,0,1,0,0,0,1299.0
14.0,1,14,8,1.79,0,0,128,0,0,0,0,0,1,0,0,0,0,0,0,0,1,0,0,0,740.0
15.6,4,16,8,1.78,0,0,256,0,0,0,0,0,0,0,1,0,0,0,0,0,1,0,0,0,2408.0
14.0,4,15,8,1.7,0,0,180,0,0,0,0,0,1,0,0,0,0,0,0,0,1,0,0,0,1364.0
15.6,4,15,8,2.2,0,1000,0,0,0,0,0,0,1,0,0,0,0,0,0,0,1,0,0,0,675.0
13.3,4,15,8,1.05,0,0,256,0,0,0,0,0,1,0,0,0,0,0,0,0,1,0,0,0,1672.0
15.6,4,16,8,2.16,0,0,512,0,0,0,0,0,1,0,0,0,0,0,0,0,1,0,0,0,1262.0
15.6,1,14,4,2.18,0,1000,0,0,0,0,0,0,1,0,0,0,0,0,0,0,1,0,0,0,586.6
13.3,4,15,4,1.49,0,0,128,0,0,0,0,0,1,0,0,0,0,0,0,0,1,0,0,0,726.0
15.6,4,9,4,1.89,0,0,0,0,64,0,0,0,1,0,0,0,0,0,0,0,1,0,0,0,248.9
15.6,1,14,4,2.3,0,0,128,0,0,0,0,0,1,0,0,0,0,0,0,0,1,0,0,0,565.0
14.0,4,15,8,1.75,0,0,256,0,0,0,0,0,1,0,0,0,0,0,0,0,1,0,0,0,1049.0
15.6,4,16,16,2.17,0,0,512,0,0,0,0,0,0,0,1,0,0,0,0,0,1,0,0,0,2338.0
15.6,4,16,16,2.06,0,0,512,0,0,0,0,0,1,0,0,0,0,0,0,0,1,0,0,0,1899.0
12.5,4,16,16,1.36,0,0,512,0,0,0,0,0,0,1,0,0,0,0,0,0,1,0,0,0,1798.0
12.5,4,16,16,0.91,0,0,512,0,0,0,0,0,0,1,0,0,0,0,0,0,1,0,0,0,1950.0
15.6,4,15,8,2.3,0,0,256,0,0,0,0,0,1,0,0,0,0,0,0,0,1,0,0,0,1011.99
13.3,4,16,32,1.05,1,0,512,0,0,0,0,0,0,1,0,0,0,0,0,0,1,0,0,0,2799.0
15.6,4,16,8,1.99,0,1000,128,0,0,0,1,0,0,0,0,0,0,0,0,0,1,0,0,0,1350.0
15.6,1,0,8,2.2,0,1000,0,0,0,0,0,0,1,0,0,0,0,0,0,0,1,0,0,0,579.0
17.3,4,16,24,4.33,1,1000,256,0,0,0,1,0,0,0,0,0,0,0,0,0,1,0,0,0,1269.0
12.5,1,15,8,1.3,0,0,180,0,0,0,0,0,0,1,0,0,0,0,0,0,1,0,0,0,1099.0
15.6,4,16,8,2.17,0,0,256,0,0,0,0,0,1,0,0,0,0,0,0,0,1,0,0,0,898.9
14.0,4,16,8,1.48,0,0,1000,0,0,0,0,0,1,0,0,0,0,0,0,0,1,0,0,0,1749.0
13.3,4,14,8,1.4,0,0,256,0,0,0,0,0,1,0,0,0,0,0,0,0,1,0,0,0,949.0
15.6,4,15,8,2.3,0,0,256,0,0,0,0,0,1,0,0,0,0,0,0,0,1,0,0,0,911.0
11.6,1,10,4,1.2,0,0,0,0,64,0,0,1,0,0,0,0,0,0,0,0,0,1,0,0,340.0
15.6,1,15,8,1.91,0,0,256,0,0,0,0,0,1,0,0,0,0,0,0,0,1,0,0,0,618.99
13.9,4,15,8,1.4,1,0,256,0,0,1,0,0,0,0,0,0,0,0,0,0,1,0,0,0,1599.0
14.0,1,10,4,2.1,0,500,0,0,0,0,0,0,1,0,0,0,0,0,0,0,1,0,0,0,299.0
11.6,1,10,4,1.25,0,0,16,0,0,0,0,1,0,0,0,0,1,0,0,0,0,0,0,0,265.0
13.3,4,15,8,1.44,0,0,256,0,0,0,0,0,1,0,0,0,0,0,0,0,1,0,0,0,949.0
15.6,4,16,8,2.0,0,1000,256,0,0,0,0,0,1,0,0,0,0,0,0,0,1,0,0,0,1224.0
15.6,4,15,4,2.2,0,1000,0,0,0,0,0,0,1,0,0,0,0,0,0,0,1,0,0,0,613.0
13.3,4,16,8,1.34,0,0,512,0,0,0,0,0,0,1,0,0,0,0,0,0,1,0,0,0,1323.0
15.6,4,16,8,2.4,0,1000,256,0,0,0,1,0,0,0,0,0,0,0,0,1,0,0,0,0,1149.0
13.3,4,15,8,1.29,1,0,128,0,0,0,0,0,0,1,0,0,0,0,0,0,1,0,0,0,899.0
15.6,4,16,4,2.2,0,500,0,0,0,0,0,0,1,0,0,0,0,0,0,0,1,0,0,0,639.0
15.6,4,15,8,2.18,0,1000,0,0,0,0,0,0,1,0,0,0,0,0,0,0,1,0,0,0,836.0
15.6,4,16,16,2.2,0,2000,256,0,0,0,0,0,1,0,0,0,0,0,0,0,1,0,0,0,1219.24
15.6,4,16,16,1.95,0,0,256,0,0,0,0,0,1,0,0,0,0,0,0,1,0,0,0,0,1399.95
11.6,1,10,2,1.1,0,0,0,0,32,0,0,1,0,0,0,0,0,0,0,0,1,0,0,0,245.0
15.6,1,15,4,2.04,1,1000,0,0,0,0,0,0,1,0,0,0,0,0,0,0,1,0,0,0,521.47
15.6,4,16,24,2.24,0,0,512,0,0,0,1,0,0,0,0,0,0,0,0,0,1,0,0,0,2968.0
15.6,4,15,8,2.04,0,0,256,0,0,0,0,0,1,0,0,0,0,0,0,0,1,0,0,0,889.0
17.3,4,16,16,3.0,0,1000,256,0,0,0,1,0,0,0,0,0,0,0,0,0,1,0,0,0,1504.0
15.6,4,16,8,3.2,0,1000,256,0,0,0,1,0,0,0,0,0,0,0,0,0,1,0,0,0,1399.0
13.3,4,16,8,1.32,0,0,256,0,0,0,0,0,0,1,0,0,0,0,0,0,1,0,0,0,1399.0
14.0,4,15,8,1.64,0,0,256,0,0,0,0,0,1,0,0,0,0,0,0,0,1,0,0,0,1279.73
15.6,1,14,4,1.63,0,0,128,0,0,0,0,0,1,0,0,0,0,0,0,0,1,0,0,0,689.0
17.3,4,15,8,2.8,0,1000,128,0,0,0,0,0,1,0,0,0,0,1,0,0,0,0,0,0,889.0
14.0,4,15,8,2.02,0,0,256,0,0,0,0,0,1,0,0,0,0,0,0,0,0,0,1,0,1340.0
15.6,4,16,4,2.2,0,1000,0,0,0,0,0,0,1,0,0,0,0,0,0,0,1,0,0,0,799.0
15.6,1,14,8,2.2,0,2000,0,0,0,0,0,0,1,0,0,0,0,0,0,1,0,0,0,0,459.0
15.6,4,15,4,2.3,0,500,0,0,0,0,0,0,1,0,0,0,0,0,0,0,1,0,0,0,585.0
15.6,4,15,8,1.9,0,0,256,0,0,0,0,0,1,0,0,0,0,0,0,0,1,0,0,0,1377.0
17.3,4,16,16,4.42,0,1000,128,0,0,0,1,0,0,0,0,0,0,0,0,0,1,0,0,0,3012.77
15.6,4,15,8,2.0,0,500,0,0,0,0,0,0,1,0,0,0,0,0,0,0,1,0,0,0,860.0
15.6,14,16,8,2.0,0,1000,256,0,0,0,0,0,1,0,0,0,0,0,0,0,1,0,0,0,1299.0
13.3,4,10,4,1.2,0,0,32,0,0,0,0,0,1,0,0,0,0,0,0,0,1,0,0,0,369.0
15.6,4,15,8,2.3,0,1000,128,0,0,0,1,0,0,0,0,0,0,0,0,0,1,0,0,0,1649.0
15.6,4,16,8,1.93,0,0,256,0,0,0,0,0,1,0,0,0,0,0,0,0,1,0,0,0,1369.0
15.6,4,15,8,2.2,0,0,256,0,0,0,0,0,1,0,0,0,0,0,0,0,1,0,0,0,797.41
15.6,4,12,4,1.86,0,0,256,0,0,0,0,0,1,0,0,0,0,0,0,0,1,0,0,0,398.99
17.3,4,16,12,2.62,0,1000,0,0,0,0,1,0,0,0,0,0,0,0,0,0,1,0,0,0,1799.0
14.0,4,16,8,1.87,0,0,256,0,0,0,0,0,1,0,0,0,0,0,0,0,1,0,0,0,859.0
13.3,13,16,8,1.2,1,0,256,0,0,0,0,0,0,1,0,0,0,0,0,0,1,0,0,0,1399.0
14.0,4,14,4,1.6,0,0,128,0,0,0,0,0,1,0,0,0,0,0,0,0,1,0,0,0,735.87
13.3,13,16,8,1.34,0,0,256,0,0,0,0,0,0,1,0,0,0,0,0,0,1,0,0,0,1145.0
15.6,4,15,8,2.4,0,1000,0,0,0,0,1,0,0,0,0,0,0,1,0,0,0,0,0,0,798.0
15.6,1,6,4,2.0,0,500,0,0,0,0,0,0,1,0,0,0,0,0,0,0,1,0,0,0,349.0
15.6,4,14,4,2.1,0,0,128,0,0,0,0,0,1,0,0,0,0,0,0,0,1,0,0,0,705.5
14.0,4,15,4,1.87,0,500,0,0,0,0,0,0,1,0,0,0,0,0,0,0,1,0,0,0,785.0
15.6,4,15,4,2.15,0,1000,0,0,0,0,0,0,1,0,0,0,0,0,0,1,0,0,0,0,462.35
15.6,4,14,4,1.86,0,500,0,0,0,0,0,0,1,0,0,0,0,0,0,0,1,0,0,0,397.0
15.6,4,16,8,1.99,0,0,512,0,0,0,0,0,1,0,0,0,0,0,0,0,1,0,0,0,1729.0
15.6,4,14,4,2.2,0,0,128,0,0,0,0,0,1,0,0,0,0,0,0,0,1,0,0,0,499.0
15.6,4,15,8,1.9,0,0,256,0,0,0,0,0,1,0,0,0,0,0,0,0,1,0,0,0,1116.99
17.3,4,16,16,4.42,0,1000,256,0,0,0,1,0,0,0,0,0,0,0,0,0,1,0,0,0,2699.0
17.3,3,14,8,2.65,0,1000,0,0,0,0,0,0,1,0,0,0,0,0,0,0,1,0,0,0,544.15
17.3,4,16,8,2.63,0,1000,0,0,0,0,0,0,1,0,0,0,0,0,0,0,1,0,0,0,1280.0
15.6,1,10,4,2.0,0,500,0,0,0,0,0,0,1,0,0,0,0,1,0,0,0,0,0,0,224.0
13.3,4,9,4,1.35,0,0,0,0,32,0,0,0,1,0,0,0,0,0,0,0,1,0,0,0,255.0
17.3,3,16,6,2.8,0,1000,128,0,0,0,0,0,1,0,0,0,0,0,0,0,1,0,0,0,949.0
15.6,4,0,6,1.91,0,0,128,0,0,0,0,0,1,0,0,0,0,0,0,0,1,0,0,0,568.9
15.6,1,14,4,2.18,0,1000,0,0,0,0,0,0,1,0,0,0,0,0,0,0,1,0,0,0,617.9
11.6,4,10,4,1.25,1,0,0,0,32,1,0,0,0,0,0,0,0,0,0,0,1,0,0,0,349.0
15.6,4,14,4,2.05,0,0,128,0,0,0,0,0,1,0,0,0,0,0,0,0,1,0,0,0,630.0
13.3,13,11,16,1.16,1,0,512,0,0,0,0,0,0,1,0,0,0,0,0,0,1,0,0,0,1965.0
17.3,4,16,8,3.4,0,0,256,0,0,0,0,0,1,0,0,0,0,0,0,0,1,0,0,0,2999.0
15.6,4,15,8,2.5,0,1000,128,0,0,0,0,0,1,0,0,0,0,0,0,0,1,0,0,0,839.0
13.3,14,15,8,1.21,1,0,128,0,0,0,0,0,0,1,0,0,0,0,0,0,1,0,0,0,1599.0
15.6,1,15,4,1.93,0,500,0,0,0,0,0,0,1,0,0,0,0,0,0,0,1,0,0,0,959.0
15.6,1,15,8,2.2,0,1000,0,0,0,0,0,0,1,0,0,0,0,0,0,0,1,0,0,0,739.0
15.6,4,12,4,2.2,0,500,0,0,0,0,0,0,1,0,0,0,0,0,0,0,1,0,0,0,344.0
14.0,1,15,4,2.02,0,500,0,0,0,0,0,0,1,0,0,0,0,0,0,0,1,0,0,0,990.0
17.3,3,15,8,3.14,0,500,0,0,0,0,0,0,0,0,1,0,0,0,0,0,1,0,0,0,1860.99
14.0,1,12,8,1.94,0,2000,0,0,0,0,0,0,1,0,0,0,0,0,0,0,1,0,0,0,389.0
15.6,4,5,6,1.95,0,0,256,0,0,0,0,0,1,0,0,0,0,0,0,0,1,0,0,0,649.0
15.6,4,15,8,2.3,0,0,256,0,0,0,0,0,1,0,0,0,0,0,0,0,1,0,0,0,830.0
15.6,4,15,4,2.05,0,500,0,0,0,0,0,0,1,0,0,0,0,0,0,0,1,0,0,0,685.0
14.0,4,9,4,1.4,0,0,32,0,0,0,0,0,1,0,0,0,0,0,0,0,1,0,0,0,249.0
14.0,4,16,16,1.24,1,0,512,0,0,0,0,0,0,1,0,0,0,0,0,0,1,0,0,0,1865.0
17.3,4,16,32,4.6,0,1000,256,0,0,0,1,0,0,0,0,0,0,0,0,0,1,0,0,0,2663.0
17.3,4,16,16,4.14,0,1000,512,0,0,0,1,0,0,0,0,0,0,0,0,0,1,0,0,0,2729.0
15.6,4,16,8,2.2,0,0,256,0,0,0,0,0,1,0,0,0,0,1,0,0,0,0,0,0,749.01
14.0,4,10,4,1.45,0,0,32,0,0,0,0,0,1,0,0,0,0,0,0,0,1,0,0,0,389.0
15.6,1,15,8,1.9,0,500,0,0,0,0,0,0,1,0,0,0,0,0,0,0,1,0,0,0,1008.52
13.3,4,14,4,1.49,0,0,128,0,0,0,0,0,1,0,0,0,0,0,0,0,1,0,0,0,719.0
15.6,4,16,16,1.93,0,0,256,0,0,0,0,0,1,0,0,0,0,0,0,0,1,0,0,0,1537.39
11.6,1,10,4,1.26,0,0,0,0,16,0,0,1,0,0,0,0,1,0,0,0,0,0,0,0,295.0
17.3,4,16,16,4.5,0,1000,128,0,0,0,1,0,0,0,0,0,0,0,0,0,1,0,0,0,2349.0
17.3,4,16,16,3.78,0,1000,256,0,0,0,1,0,0,0,0,0,0,0,0,0,1,0,0,0,1498.0
14.0,4,16,12,1.4,0,0,256,0,0,0,0,0,0,1,0,0,0,0,0,0,1,0,0,0,1673.0
15.6,1,16,12,2.2,1,1000,0,0,0,0,0,0,1,0,0,0,0,0,0,0,1,0,0,0,609.0
17.3,4,15,8,2.73,0,1000,128,0,0,0,1,0,0,0,0,0,0,0,0,0,1,0,0,0,1770.0
15.6,1,15,8,2.2,1,1000,0,0,0,1,0,0,0,0,0,0,0,0,0,0,1,0,0,0,739.0
15.6,4,1,12,2.2,0,0,512,0,0,0,0,0,1,0,0,0,0,0,0,0,1,0,0,0,949.0
11.6,1,11,4,1.39,1,0,128,0,0,1,0,0,0,0,0,0,0,0,0,0,1,0,0,0,603.0
15.6,4,16,16,2.5,0,1000,128,0,0,0,0,0,1,0,0,0,0,0,0,0,1,0,0,0,1699.0
17.3,4,14,4,2.8,0,500,0,0,0,0,0,0,1,0,0,0,0,0,0,1,0,0,0,0,529.0
15.6,1,14,8,2.29,0,1000,0,0,0,0,0,0,1,0,0,0,0,0,0,0,1,0,0,0,459.0
13.3,4,16,8,1.37,1,0,512,0,0,1,0,0,0,0,0,0,0,0,0,0,1,0,0,0,2025.0
14.0,4,15,8,1.7,0,0,256,0,0,0,0,0,1,0,0,0,0,0,0,0,1,0,0,0,1474.0
12.5,4,15,8,1.34,1,0,256,0,0,1,0,0,0,0,0,0,0,0,0,0,1,0,0,0,1670.0
15.6,4,16,8,2.06,1,0,256,0,0,0,0,0,0,0,1,0,0,0,0,0,1,0,0,0,1763.0
15.6,4,16,8,1.84,0,0,256,0,0,0,0,0,1,0,0,0,0,0,0,0,1,0,0,0,1219.0
15.6,1,14,4,2.1,0,500,0,0,0,0,0,0,1,0,0,0,0,0,0,0,1,0,0,0,668.48
14.0,4,10,4,1.6,0,0,0,0,32,0,0,0,1,0,0,0,0,0,0,0,1,0,0,0,329.0
17.3,4,16,16,4.14,0,1000,128,0,0,0,1,0,0,0,0,0,0,0,0,0,1,0,0,0,2199.0
15.6,1,14,4,2.18,0,1000,0,0,0,0,0,0,1,0,0,0,0,1,0,0,0,0,0,0,465.0
15.6,14,16,16,1.8,0,2000,256,0,0,0,1,0,0,0,0,0,0,0,0,0,1,0,0,0,2299.0
15.6,4,16,8,2.2,0,0,256,0,0,0,0,0,1,0,0,0,0,0,0,0,1,0,0,0,1399.0
15.6,4,15,6,2.4,0,1000,0,0,0,0,0,0,1,0,0,0,0,0,0,0,1,0,0,0,564.0
15.6,4,16,8,2.0,1,0,256,0,0,1,0,0,0,0,0,0,0,0,0,0,1,0,0,0,1299.0
14.0,1,12,4,1.6,0,0,0,0,128,0,0,0,1,0,0,0,0,0,0,0,1,0,0,0,349.0
15.6,14,13,32,2.5,0,0,1000,0,0,0,0,0,1,0,0,0,0,0,0,0,1,0,0,0,4899.0
15.6,4,16,16,2.59,0,1000,0,0,0,0,1,0,0,0,0,0,0,0,0,0,1,0,0,0,879.01
15.6,1,14,4,2.18,0,1000,0,0,0,0,0,0,1,0,0,0,0,1,0,0,0,0,0,0,443.9
15.6,1,14,4,2.25,0,1000,0,0,0,0,0,0,1,0,0,0,0,1,0,0,0,0,0,0,359.0
15.6,1,15,4,1.93,0,500,0,0,0,0,0,0,1,0,0,0,0,1,0,0,0,0,0,0,869.0
17.3,4,16,8,3.0,0,1000,128,0,0,0,1,0,0,0,0,0,0,0,0,0,1,0,0,0,1168.0
15.6,4,15,4,2.18,0,0,128,0,0,0,0,0,1,0,0,0,0,1,0,0,0,0,0,0,569.0
15.6,4,16,8,1.84,0,0,512,0,0,0,0,0,0,1,0,0,0,0,0,0,1,0,0,0,1389.0
15.6,4,16,16,2.94,0,1000,256,0,0,0,1,0,0,0,0,0,0,0,0,0,1,0,0,0,2267.86
11.6,1,10,4,1.25,1,0,0,0,32,1,0,0,0,0,0,0,1,0,0,0,0,0,0,0,379.0
14.0,1,15,8,2.31,0,0,256,0,0,0,0,0,1,0,0,0,0,0,0,0,1,0,0,0,1124.0
14.0,4,15,8,1.65,0,0,256,0,0,0,0,0,1,0,0,0,0,0,0,0,0,0,1,0,1465.0
15.6,4,15,4,2.2,0,1000,0,0,0,0,0,0,1,0,0,0,0,0,0,0,1,0,0,0,776.0
15.6,1,15,8,2.2,0,0,256,0,0,0,0,0,1,0,0,0,0,0,0,0,1,0,0,0,799.0
15.6,1,15,4,1.88,0,500,0,0,0,0,0,0,1,0,0,0,0,0,0,0,0,0,1,0,932.0
15.6,4,16,8,2.2,0,1000,0,0,0,0,0,0,1,0,0,0,0,0,0,0,1,0,0,0,899.0
14.0,4,9,2,1.4,0,0,0,0,32,0,0,0,1,0,0,0,0,0,0,0,1,0,0,0,239.0
15.6,4,15,4,2.2,0,0,128,0,0,0,0,0,1,0,0,0,0,0,0,1,0,0,0,0,468.0
13.3,4,15,6,1.5,1,1000,0,0,0,1,0,0,0,0,0,0,0,0,0,0,1,0,0,0,639.01
15.6,4,16,8,2.0,0,0,256,0,0,0,0,0,1,0,0,0,0,0,0,0,1,0,0,0,1820.0
14.0,4,16,16,1.1,0,0,512,0,0,0,0,0,0,1,0,0,0,0,0,0,1,0,0,0,1900.0
15.6,4,16,16,2.62,0,1000,256,0,0,0,1,0,0,0,0,0,0,0,0,0,1,0,0,0,1479.0
15.6,4,15,4,1.8,0,0,256,0,0,0,0,0,1,0,0,0,0,0,0,0,1,0,0,0,829.0
15.6,4,14,4,2.2,0,1000,0,0,0,0,0,0,1,0,0,0,0,0,0,0,1,0,0,0,579.0
15.6,1,10,8,2.0,0,1000,0,0,0,0,0,0,1,0,0,0,0,0,0,0,1,0,0,0,399.0
15.6,4,15,8,1.99,0,1000,0,0,0,0,0,0,1,0,0,0,0,0,0,0,1,0,0,0,906.62
13.3,13,15,8,1.23,1,0,256,0,0,0,0,0,0,1,0,0,0,0,0,0,1,0,0,0,1869.0
14.0,1,10,2,1.42,0,0,0,0,32,0,0,0,1,0,0,0,0,0,0,0,1,0,0,0,249.0
13.3,4,16,8,1.37,1,0,256,0,0,1,0,0,0,0,0,0,0,0,0,0,1,0,0,0,1757.42
15.6,14,16,16,2.06,1,0,1000,0,0,0,0,0,1,0,0,0,0,0,0,0,1,0,0,0,2399.0
15.6,4,16,8,2.5,0,1000,128,0,0,0,1,0,0,0,0,0,0,0,0,0,1,0,0,0,1109.0
17.0,3,5,8,2.6,0,1000,0,0,0,0,0,0,1,0,0,0,0,0,0,0,1,0,0,0,520.9
14.0,4,16,16,1.14,0,0,512,0,0,0,0,0,0,1,0,0,0,0,0,0,1,0,0,0,2450.0
15.6,4,16,8,2.5,0,1000,0,0,0,0,1,0,0,0,0,0,0,0,0,1,0,0,0,0,1169.0
15.6,1,14,4,2.4,0,500,0,0,0,0,0,0,1,0,0,0,0,0,0,0,1,0,0,0,450.0
14.0,1,10,4,1.43,0,0,0,0,32,0,0,0,1,0,0,0,0,0,0,0,1,0,0,0,274.0
14.0,4,15,8,1.8,0,0,256,0,0,0,0,0,0,1,0,0,0,0,0,0,1,0,0,0,919.0
14.0,4,16,16,1.95,0,0,256,0,0,0,1,0,0,0,0,0,0,0,0,0,1,0,0,0,2599.0
13.3,4,15,8,1.2,0,0,256,0,0,0,0,0,1,0,0,0,0,0,0,0,1,0,0,0,1213.0
12.5,4,16,8,1.36,0,0,256,0,0,0,0,0,0,1,0,0,0,0,0,0,1,0,0,0,1584.0
17.3,4,16,32,3.8,0,0,512,0,0,0,1,0,0,0,0,0,0,0,0,0,1,0,0,0,2799.0
15.6,4,15,8,2.4,0,1000,0,0,0,0,1,0,0,0,0,0,0,1,0,0,0,0,0,0,709.0
13.3,4,15,8,1.2,0,0,256,0,0,0,0,0,0,1,0,0,0,0,0,0,1,0,0,0,1449.9
15.6,4,16,8,2.2,0,1000,128,0,0,0,1,0,0,0,0,0,0,0,0,0,1,0,0,0,1191.8
15.6,1,14,4,1.86,0,500,0,0,0,0,0,0,1,0,0,0,0,0,0,1,0,0,0,0,364.9
15.6,4,15,8,2.0,0,500,0,0,0,0,0,0,1,0,0,0,0,0,0,0,1,0,0,0,1064.0
15.6,4,16,8,2.2,0,0,256,0,0,0,0,0,1,0,0,0,0,0,0,0,1,0,0,0,919.0
15.6,4,16,16,2.2,0,2000,256,0,0,0,0,0,1,0,0,0,0,0,0,0,1,0,0,0,1135.0
15.6,4,16,8,3.31,0,1000,128,0,0,0,1,0,0,0,0,0,0,0,0,0,1,0,0,0,1196.0
17.3,14,16,32,4.42,0,1000,512,0,0,0,1,0,0,0,0,0,0,0,0,0,1,0,0,0,3147.37
14.0,4,15,8,1.56,0,0,256,0,0,0,0,0,1,0,0,0,0,0,0,0,1,0,0,0,1229.0
15.6,1,10,4,2.2,0,500,0,0,0,0,0,0,1,0,0,0,0,0,0,0,1,0,0,0,419.0
15.6,4,15,4,2.2,0,500,0,0,0,0,0,0,1,0,0,0,0,0,0,0,1,0,0,0,535.0
15.6,4,14,6,2.04,0,1000,0,0,0,0,0,0,1,0,0,0,0,0,0,0,1,0,0,0,539.0
17.3,4,16,8,2.7,0,1000,128,0,0,0,1,0,0,0,0,0,0,0,0,0,1,0,0,0,1486.77
15.6,1,14,4,2.1,0,0,128,0,0,0,0,0,1,0,0,0,0,0,0,0,1,0,0,0,498.0
15.6,4,15,8,2.06,0,1000,0,0,0,0,0,0,1,0,0,0,0,0,0,0,1,0,0,0,955.0
15.6,4,16,8,2.1,0,1000,0,0,0,0,0,0,1,0,0,0,0,0,0,0,1,0,0,0,745.0
15.6,4,15,8,2.0,0,0,256,0,0,0,0,0,1,0,0,0,0,0,0,0,1,0,0,0,1258.0
15.6,1,14,4,2.1,0,0,128,0,0,0,0,0,1,0,0,0,0,1,0,0,0,0,0,0,412.0
13.5,8,16,8,1.25,1,0,256,0,0,0,0,0,0,1,0,0,0,0,0,0,0,1,0,0,1867.85
15.6,4,15,8,1.9,0,1000,128,0,0,0,0,0,1,0,0,0,0,0,0,0,1,0,0,0,817.95
13.3,4,15,8,1.3,1,0,256,0,0,1,0,0,0,0,0,0,0,0,0,0,1,0,0,0,1034.0
15.6,1,6,4,2.2,0,0,128,0,0,0,0,0,1,0,0,0,0,0,0,0,1,0,0,0,349.0
14.0,4,14,4,1.63,1,0,128,0,0,1,0,0,0,0,0,0,0,0,0,0,1,0,0,0,699.0
15.6,4,16,16,2.4,0,1000,256,0,0,0,1,0,0,0,0,0,0,0,0,0,1,0,0,0,1294.0
14.0,4,15,8,1.1,0,0,256,0,0,0,0,0,0,1,0,0,0,0,0,0,1,0,0,0,1135.0
11.6,1,10,8,1.4,1,0,0,0,64,1,0,0,0,0,0,0,1,0,0,0,0,0,0,0,495.0
15.6,4,16,8,1.09,0,0,512,0,0,0,0,0,0,1,0,0,0,0,0,0,1,0,0,0,2299.0
15.6,4,15,16,2.5,0,0,256,0,0,0,1,0,0,0,0,0,0,0,0,0,1,0,0,0,1299.0
15.6,4,15,8,2.2,0,0,256,0,0,0,1,0,0,0,0,0,0,0,0,0,1,0,0,0,997.9
15.6,1,10,4,1.86,0,0,128,0,0,0,0,0,1,0,0,0,0,0,0,0,1,0,0,0,419.0
15.6,4,15,16,3.21,0,1000,128,0,0,0,1,0,0,0,0,0,0,0,0,0,1,0,0,0,2051.0
17.3,4,14,4,2.5,0,0,256,0,0,0,0,0,1,0,0,0,0,0,0,0,1,0,0,0,699.0
13.3,4,16,8,1.19,1,0,512,0,0,1,0,0,0,0,0,0,0,0,0,0,1,0,0,0,1499.0
15.6,4,16,16,3.49,0,1000,256,0,0,0,1,0,0,0,0,0,0,0,0,0,1,0,0,0,2813.75
15.6,1,15,4,1.86,0,500,0,0,0,0,0,0,1,0,0,0,0,0,0,0,1,0,0,0,612.61
15.6,1,14,4,2.2,0,1000,0,0,0,0,0,0,1,0,0,0,0,0,0,0,1,0,0,0,545.67
17.3,4,0,6,2.65,0,2000,0,0,0,0,0,0,1,0,0,0,0,0,0,0,1,0,0,0,569.0
15.6,1,10,4,2.1,0,500,0,0,0,0,0,0,1,0,0,0,0,0,0,0,1,0,0,0,318.0
14.0,1,10,4,1.45,0,0,0,0,32,0,0,0,1,0,0,0,1,0,0,0,0,0,0,0,375.0
14.0,4,15,4,1.7,0,0,256,0,0,0,0,0,1,0,0,0,0,0,0,0,1,0,0,0,699.0
17.3,4,16,8,3.14,0,500,0,0,0,0,0,0,0,0,1,0,0,0,0,0,1,0,0,0,1907.99
14.0,9,16,8,1.42,1,0,256,0,0,1,0,0,0,0,0,0,0,0,0,0,1,0,0,0,2590.0
13.3,4,15,8,1.5,0,0,256,0,0,0,0,0,1,0,0,0,0,0,0,0,1,0,0,0,973.0
11.6,1,10,4,1.4,0,0,0,0,32,0,0,1,0,0,0,0,0,0,0,0,1,0,0,0,269.0
14.0,4,16,16,1.38,1,0,512,0,0,1,0,0,0,0,0,0,0,0,0,0,1,0,0,0,1749.0
12.5,4,11,4,1.2,1,0,0,0,64,1,0,0,0,0,0,0,1,0,0,0,0,0,0,0,669.0
13.3,4,16,16,1.36,1,0,512,0,0,0,0,0,0,1,0,0,0,0,0,0,1,0,0,0,1877.0
15.6,4,16,4,2.1,0,500,0,0,0,0,0,0,1,0,0,0,0,0,0,0,1,0,0,0,689.0
15.6,4,15,8,2.56,0,1000,0,0,0,0,1,0,0,0,0,0,0,0,0,0,1,0,0,0,819.0
15.6,4,5,4,2.2,0,0,256,0,0,0,0,0,1,0,0,0,0,0,0,0,1,0,0,0,399.0
15.6,1,1,8,2.2,0,1000,0,0,0,0,0,0,1,0,0,0,0,0,0,0,1,0,0,0,429.0
15.6,4,15,4,2.1,0,1000,0,0,0,0,0,0,1,0,0,0,0,0,0,0,1,0,0,0,621.45
15.6,1,14,4,1.9,0,500,0,0,0,0,0,0,1,0,0,0,0,0,0,1,0,0,0,0,450.0
15.6,4,15,8,2.18,0,0,256,0,0,0,0,0,1,0,0,0,0,0,0,0,1,0,0,0,795.0
13.3,4,15,8,1.6,1,0,256,0,0,1,0,0,0,0,0,0,0,0,0,0,1,0,0,0,999.0
15.6,4,16,16,2.18,0,0,512,0,0,0,0,0,0,0,1,0,0,0,0,0,0,0,1,0,1855.0
14.0,4,15,8,1.8,0,0,256,0,0,0,0,0,1,0,0,0,0,0,0,0,1,0,0,0,1191.0
17.3,4,0,6,2.71,0,2000,0,0,0,0,0,0,1,0,0,0,0,0,0,0,1,0,0,0,655.01
15.6,4,16,8,2.5,0,1000,128,0,0,0,1,0,0,0,0,0,0,0,0,0,1,0,0,0,1249.0
14.0,4,15,8,1.64,0,0,256,0,0,0,0,0,1,0,0,0,0,1,0,0,0,0,0,0,1089.0
15.6,4,15,8,1.98,0,1000,0,0,0,0,0,0,1,0,0,0,0,1,0,0,0,0,0,0,726.0
14.0,4,10,4,1.5,0,0,0,0,32,0,0,0,1,0,0,0,0,0,0,0,1,0,0,0,298.0
15.6,4,15,16,1.93,0,0,512,0,0,0,0,0,1,0,0,0,0,0,0,0,1,0,0,0,1426.66
14.0,4,15,8,1.87,0,0,256,0,0,0,0,0,1,0,0,0,0,0,0,0,1,0,0,0,857.07
15.6,4,15,8,1.9,0,0,256,0,0,0,0,0,1,0,0,0,0,0,0,0,1,0,0,0,1179.0
15.6,1,3,4,2.19,0,500,0,0,0,0,0,0,1,0,0,0,0,0,0,0,1,0,0,0,298.0
14.0,5,9,4,1.4,0,32,0,0,0,0,0,0,1,0,0,0,0,0,0,0,1,0,0,0,265.0
17.3,4,16,8,2.63,0,0,256,0,0,0,0,0,1,0,0,0,0,0,0,0,1,0,0,0,1200.0
14.0,9,16,8,1.17,0,0,512,0,0,0,0,0,0,1,0,0,0,0,0,0,1,0,0,0,1686.64
13.3,1,15,8,1.58,1,0,256,0,0,1,0,0,0,0,0,0,0,0,0,0,1,0,0,0,836.6
14.0,4,15,8,1.32,0,0,256,0,0,0,0,0,0,1,0,0,0,0,0,0,1,0,0,0,1499.0
17.3,14,16,32,4.36,0,1000,1000,0,0,0,1,0,0,0,0,0,0,0,0,0,1,0,0,0,3659.4
17.3,4,16,8,2.7,0,1000,128,0,0,0,1,0,0,0,0,0,0,0,0,0,1,0,0,0,1348.48
15.6,1,15,4,1.9,0,1000,0,0,0,0,0,0,1,0,0,0,0,0,0,1,0,0,0,0,489.9
15.6,4,15,8,2.2,0,1000,128,0,0,0,0,0,1,0,0,0,0,0,0,0,1,0,0,0,719.0
13.3,4,14,4,1.71,1,1000,0,0,0,1,0,0,0,0,0,0,0,0,0,0,1,0,0,0,649.0
15.6,1,15,8,2.32,0,1000,0,0,0,0,0,0,1,0,0,0,0,1,0,0,0,0,0,0,589.52
15.6,4,5,4,2.1,0,1000,0,0,0,0,0,0,1,0,0,0,0,0,0,0,1,0,0,0,489.0
17.3,4,16,16,4.2,0,1000,128,0,0,0,1,0,0,0,0,0,0,0,0,0,1,0,0,0,1935.0
15.6,1,15,12,2.25,0,1000,0,0,0,0,0,0,1,0,0,0,0,0,0,0,1,0,0,0,649.0
15.6,4,5,6,2.1,0,1000,128,0,0,0,0,0,1,0,0,0,0,0,0,0,1,0,0,0,650.0
15.6,1,15,4,2.4,0,500,0,0,0,0,0,0,1,0,0,0,0,0,0,0,1,0,0,0,559.0
13.3,4,15,8,1.44,0,0,256,0,0,0,0,0,1,0,0,0,0,0,0,0,1,0,0,0,960.0
15.6,4,16,4,1.85,0,1000,0,0,0,0,0,0,1,0,0,0,0,0,0,0,1,0,0,0,779.0
15.6,4,16,16,2.6,0,0,256,0,0,0,0,0,0,0,1,0,0,0,0,0,1,0,0,0,2419.0
13.3,4,15,8,1.55,1,1000,0,0,0,1,0,0,0,0,0,0,0,0,0,0,1,0,0,0,659.0
15.6,4,16,16,1.8,0,1000,256,0,0,0,1,0,0,0,0,0,0,0,0,0,1,0,0,0,2094.48
15.6,1,14,4,2.4,0,500,0,0,0,0,0,0,1,0,0,0,0,0,0,0,1,0,0,0,410.8
15.6,4,16,8,2.0,0,1000,128,0,0,0,0,0,1,0,0,0,0,0,0,0,1,0,0,0,1207.0
15.6,1,14,8,2.0,0,0,256,0,0,0,0,0,1,0,0,0,0,0,0,0,1,0,0,0,665.0
14.0,4,15,8,1.25,1,0,256,0,0,0,0,0,1,0,0,0,0,0,0,0,1,0,0,0,1535.0
14.0,4,15,8,1.7,1,0,256,0,0,1,0,0,0,0,0,0,0,0,0,0,1,0,0,0,999.0
15.6,14,16,16,2.5,0,0,1000,0,0,0,0,0,0,0,1,0,0,0,0,0,1,0,0,0,3299.0
14.0,1,10,2,1.68,0,0,0,0,32,0,0,0,1,0,0,0,1,0,0,0,0,0,0,0,330.0
13.3,4,16,16,0.81,0,0,256,0,0,0,0,0,0,1,0,0,0,0,0,0,1,0,0,0,1649.0
15.6,4,14,8,1.86,0,0,256,0,0,0,0,0,1,0,0,0,0,0,0,0,1,0,0,0,539.0
14.0,1,15,8,1.6,0,0,256,0,0,0,0,0,1,0,0,0,0,0,0,0,1,0,0,0,1126.71
17.3,4,13,16,3.0,0,0,256,0,0,0,0,0,0,0,1,0,0,0,0,0,0,0,1,0,4389.0
11.6,1,10,4,1.4,1,0,128,0,0,0,0,1,0,0,0,0,0,0,0,0,1,0,0,0,475.0
15.6,4,15,8,1.84,0,0,256,0,0,0,0,0,1,0,0,0,0,0,0,0,1,0,0,0,1900.0
15.6,1,15,4,2.45,0,1000,0,0,0,0,0,0,1,0,0,0,0,0,0,1,0,0,0,0,579.0
14.0,4,15,4,1.7,0,0,180,0,0,0,0,0,0,1,0,0,0,0,0,0,1,0,0,0,1096.0
15.6,1,16,4,2.37,0,0,256,0,0,0,0,0,1,0,0,0,0,0,0,0,1,0,0,0,849.9
13.3,13,15,8,1.3,1,0,256,0,0,1,0,0,0,0,0,0,0,0,0,0,1,0,0,0,1199.0
15.6,4,15,8,2.2,0,1000,128,0,0,0,0,0,1,0,0,0,0,0,0,0,1,0,0,0,1099.0
15.6,4,16,8,2.59,0,0,256,0,0,0,0,0,0,0,1,0,0,0,0,0,0,0,1,0,1561.0
15.6,14,16,16,4.42,0,1000,256,0,0,0,1,0,0,0,0,0,0,0,0,0,1,0,0,0,2868.99
15.6,1,15,4,2.1,0,0,256,0,0,0,0,0,1,0,0,0,0,0,0,0,1,0,0,0,599.0
15.6,4,16,8,2.5,0,1000,128,0,0,0,1,0,0,0,0,0,0,0,0,0,1,0,0,0,1048.0
12.5,4,16,16,1.18,0,0,256,0,0,0,0,0,0,1,0,0,0,0,0,0,1,0,0,0,1859.0
12.3,10,15,8,1.1,1,0,256,0,0,0,0,0,0,1,0,0,1,0,0,0,0,0,0,0,1559.0
13.3,13,15,8,1.2,0,0,256,0,0,0,0,0,0,1,0,0,0,0,0,0,1,0,0,0,1129.0
13.3,1,14,4,1.65,0,500,0,0,0,0,0,0,1,0,0,0,0,0,0,0,1,0,0,0,849.0
13.3,1,15,4,1.6,0,0,128,0,0,0,0,0,1,0,0,0,0,0,0,0,1,0,0,0,655.0
17.3,1,12,4,2.8,0,1000,0,0,0,0,0,0,1,0,0,0,0,0,0,0,1,0,0,0,470.34
15.6,14,16,16,2.72,1,1000,128,0,0,0,1,0,0,0,0,0,0,0,0,0,1,0,0,0,1099.0
13.3,4,16,8,1.31,1,0,256,0,0,0,0,0,0,1,0,0,0,0,0,0,1,0,0,0,1599.0
15.6,1,12,4,2.1,0,1000,0,0,0,0,0,0,1,0,0,0,0,1,0,0,0,0,0,0,298.0
15.6,4,16,16,2.3,0,0,256,0,0,0,0,0,1,0,0,0,0,0,0,0,1,0,0,0,1181.27
15.0,4,16,16,1.71,1,0,256,0,0,1,0,0,0,0,0,0,0,0,0,0,1,0,0,0,1799.0
14.0,1,15,4,1.75,0,0,128,0,0,0,0,0,1,0,0,0,0,0,0,0,1,0,0,0,1020.0
15.6,4,16,8,2.62,0,1000,0,0,0,0,1,0,0,0,0,0,0,0,0,0,1,0,0,0,1099.0
12.5,1,15,4,1.26,0,0,256,0,0,0,0,0,0,1,0,0,0,0,0,0,1,0,0,0,1244.0
15.6,4,16,12,2.3,1,2000,0,0,0,1,0,0,0,0,0,0,0,0,0,0,1,0,0,0,839.0
15.6,14,16,16,2.5,0,0,512,0,0,0,0,0,1,0,0,0,0,0,0,0,0,0,1,0,2370.0
14.0,4,14,4,1.8,0,0,128,0,0,0,0,0,1,0,0,0,0,0,0,0,1,0,0,0,636.0
14.0,4,16,16,1.95,0,0,512,0,0,0,1,0,0,0,0,0,0,0,0,0,1,0,0,0,2899.0
15.6,4,12,8,2.0,0,0,128,0,0,0,0,0,1,0,0,0,0,0,0,0,1,0,0,0,581.9
17.3,4,16,32,4.42,0,1000,1000,0,0,0,1,0,0,0,0,0,0,0,0,0,1,0,0,0,3588.8
17.3,4,16,16,4.3,0,1000,256,0,0,0,1,0,0,0,0,0,0,0,0,0,1,0,0,0,2350.0
14.0,4,16,16,1.47,0,0,512,0,0,0,0,0,0,1,0,0,0,0,0,0,1,0,0,0,1764.0
15.6,1,10,8,2.2,0,1000,0,0,0,0,0,0,1,0,0,0,0,0,0,1,0,0,0,0,329.0
14.0,4,16,16,1.7,0,0,512,0,0,0,0,0,0,1,0,0,0,0,0,0,1,0,0,0,2299.0
14.0,4,16,16,1.6,0,1000,256,0,0,0,1,0,0,0,0,0,0,0,0,0,1,0,0,0,1891.0
15.6,4,15,8,2.2,0,1000,128,0,0,0,1,0,0,0,0,0,0,0,0,0,1,0,0,0,1089.0
15.6,4,16,4,2.4,0,1000,0,0,0,0,1,0,0,0,0,0,0,0,0,0,1,0,0,0,999.0
17.3,4,16,16,4.2,0,1000,256,0,0,0,1,0,0,0,0,0,0,0,0,0,1,0,0,0,2299.0
15.6,4,15,8,2.62,0,0,256,0,0,0,1,0,0,0,0,0,0,0,0,0,1,0,0,0,985.0
15.6,4,16,8,2.24,0,1000,128,0,0,0,1,0,0,0,0,0,0,0,0,0,1,0,0,0,1339.0
14.0,4,10,4,1.22,0,0,0,0,32,0,0,0,1,0,0,0,0,0,0,0,1,0,0,0,202.9
13.3,4,16,8,1.37,1,0,512,0,0,1,0,0,0,0,0,0,0,0,0,0,1,0,0,0,1970.0
15.6,4,15,8,2.08,1,0,256,0,0,1,0,0,0,0,0,0,0,0,0,0,1,0,0,0,959.0
12.0,7,11,8,0.92,0,0,0,0,512,0,0,0,0,1,0,0,0,0,1,0,0,0,0,0,1165.0
14.0,9,15,8,1.42,1,0,256,0,0,1,0,0,0,0,0,0,0,0,0,0,1,0,0,0,2330.0
14.0,1,10,4,1.63,0,0,0,0,32,0,0,0,1,0,0,0,0,0,0,0,1,0,0,0,299.0
15.6,1,15,8,1.95,0,0,128,0,0,0,0,0,1,0,0,0,0,0,0,0,1,0,0,0,810.0
13.9,4,16,8,1.38,1,0,256,0,0,1,0,0,0,0,0,0,0,0,0,0,1,0,0,0,1349.0
15.6,4,14,8,2.0,0,0,256,0,0,0,0,0,1,0,0,0,0,0,0,0,1,0,0,0,739.0
15.6,4,16,8,3.14,0,0,256,0,0,0,0,0,0,0,1,0,0,0,0,0,1,0,0,0,2064.9
15.6,4,15,8,2.37,0,0,256,0,0,0,0,0,1,0,0,0,0,0,0,0,1,0,0,0,1099.0
13.3,4,15,8,1.29,0,0,256,0,0,0,0,0,0,1,0,0,0,0,0,0,1,0,0,0,1499.0
15.6,14,15,8,2.06,1,0,256,0,0,0,0,0,1,0,0,0,0,0,0,0,1,0,0,0,1749.0
11.6,1,12,4,1.63,0,0,128,0,0,0,0,1,0,0,0,0,0,0,0,0,1,0,0,0,744.0
12.5,1,15,8,1.26,0,0,256,0,0,0,0,1,0,0,0,0,0,0,0,0,1,0,0,0,1389.0
15.6,1,15,4,2.1,0,500,0,0,0,0,0,0,1,0,0,0,0,0,0,0,1,0,0,0,780.0
15.6,1,1,8,2.04,0,2000,0,0,0,0,0,0,1,0,0,0,0,0,0,0,1,0,0,0,629.0
15.6,14,16,16,2.62,0,0,512,0,0,0,1,0,0,0,0,0,0,0,0,0,1,0,0,0,1679.0
15.6,4,15,4,2.4,0,1000,0,0,0,0,0,0,1,0,0,0,0,0,0,0,1,0,0,0,609.0
17.3,4,16,12,3.74,0,1000,0,0,0,0,1,0,0,0,0,0,0,0,0,0,1,0,0,0,1749.0
17.3,4,16,16,2.9,0,1000,512,0,0,0,1,0,0,0,0,0,0,0,0,0,1,0,0,0,2415.0
13.3,4,15,8,0.81,0,0,256,0,0,0,0,0,0,1,0,0,0,0,0,0,1,0,0,0,1499.0
15.6,4,16,8,1.98,0,1000,0,0,0,0,0,0,1,0,0,0,0,0,0,0,1,0,0,0,961.0
15.6,4,15,8,2.18,0,0,256,0,0,0,0,0,1,0,0,0,0,0,0,0,1,0,0,0,789.81
14.0,4,16,8,1.32,0,0,256,0,0,0,0,0,0,1,0,0,0,0,0,0,1,0,0,0,1859.0
12.5,14,16,16,1.29,1,0,512,0,0,0,0,0,0,1,0,0,0,0,0,0,1,0,0,0,1799.0
11.6,1,10,4,1.23,0,0,0,0,16,0,0,1,0,0,0,0,1,0,0,0,0,0,0,0,385.0
17.3,4,16,16,4.36,0,1000,128,0,0,0,1,0,0,0,0,0,0,0,0,0,1,0,0,0,2505.02
14.0,1,15,4,1.76,0,500,0,0,0,0,0,0,1,0,0,0,0,0,0,0,1,0,0,0,755.0
15.6,1,14,4,2.1,0,500,0,0,0,0,0,0,1,0,0,0,0,0,0,0,1,0,0,0,489.9
14.0,1,15,4,1.25,0,0,128,0,0,0,0,0,0,1,0,0,0,0,0,0,1,0,0,0,1090.0
14.0,4,16,8,1.13,0,0,512,0,0,0,0,0,0,1,0,0,0,0,0,0,1,0,0,0,2499.0
15.6,4,15,8,2.4,0,0,256,0,0,0,1,0,0,0,0,0,0,0,0,0,1,0,0,0,1199.0
14.0,4,15,8,1.13,0,0,0,0,256,0,0,0,0,1,0,0,0,0,0,0,1,0,0,0,1875.0
14.0,1,12,4,1.75,0,0,128,0,0,0,0,0,1,0,0,0,0,0,0,0,1,0,0,0,499.0
13.3,4,15,8,1.1,1,0,256,0,0,1,0,0,0,0,0,0,0,0,0,0,1,0,0,0,1358.0
14.0,1,14,4,1.76,0,500,0,0,0,0,0,0,1,0,0,0,0,0,0,0,1,0,0,0,585.0
11.6,1,10,4,1.35,0,0,0,0,32,0,0,1,0,0,0,0,1,0,0,0,0,0,0,0,355.0
14.0,4,14,8,1.5,0,0,128,0,0,0,0,0,1,0,0,0,0,0,0,0,1,0,0,0,619.0
17.3,14,16,32,3.49,1,0,512,0,0,0,1,0,0,0,0,0,0,0,0,0,1,0,0,0,5499.0
14.0,9,16,16,1.1,0,0,512,0,0,0,0,0,0,1,0,0,0,0,0,0,1,0,0,0,2099.0
15.6,4,15,4,2.1,0,1000,0,0,0,0,0,0,1,0,0,0,0,1,0,0,0,0,0,0,519.0
14.0,4,15,8,1.7,0,0,256,0,0,0,0,0,1,0,0,0,0,0,0,0,1,0,0,0,1186.0
14.0,4,15,8,1.32,0,0,256,0,0,0,0,0,1,0,0,0,0,0,0,0,1,0,0,0,1650.0
15.6,4,16,16,3.21,0,1000,256,0,0,0,1,0,0,0,0,0,0,0,0,0,1,0,0,0,2774.63
17.3,4,16,16,2.9,0,1000,256,0,0,0,1,0,0,0,0,0,0,0,0,0,1,0,0,0,2419.0
15.6,1,14,4,2.0,0,500,0,0,0,0,0,0,1,0,0,0,0,0,0,0,1,0,0,0,669.0
14.0,1,10,4,1.5,0,0,0,0,16,0,0,0,1,0,0,0,1,0,0,0,0,0,0,0,325.0
15.6,4,15,8,2.3,0,128,0,0,0,0,0,0,1,0,0,0,0,0,0,0,1,0,0,0,590.0
17.3,4,16,16,2.73,0,1000,512,0,0,0,1,0,0,0,0,0,0,0,0,0,1,0,0,0,1799.0
17.3,4,16,32,4.42,0,1000,512,0,0,0,1,0,0,0,0,0,0,0,0,0,1,0,0,0,3072.89
17.3,3,15,8,2.63,0,1000,0,0,0,0,0,0,1,0,0,0,0,0,0,0,1,0,0,0,910.0
15.6,1,15,8,2.18,0,0,128,0,0,0,0,0,1,0,0,0,0,0,0,0,1,0,0,0,713.99
14.0,4,16,8,1.54,0,0,512,0,0,0,0,0,0,1,0,0,0,0,0,0,0,0,1,0,1870.0
15.6,4,16,4,2.18,0,0,256,0,0,0,0,0,1,0,0,0,0,0,0,0,1,0,0,0,739.0
11.6,1,10,4,1.4,1,0,0,0,32,1,0,0,0,0,0,0,1,0,0,0,0,0,0,0,615.0
13.3,4,15,8,1.45,0,0,512,0,0,0,0,0,0,1,0,0,0,0,0,0,1,0,0,0,1026.0
13.3,4,15,8,1.28,1,0,256,0,0,1,0,0,0,0,0,0,0,0,0,0,1,0,0,0,2277.0
14.0,4,16,8,1.54,0,0,512,0,0,0,0,0,0,1,0,0,0,0,0,0,1,0,0,0,1468.0
15.6,1,10,4,1.86,0,0,128,0,0,0,0,0,1,0,0,0,0,0,0,1,0,0,0,0,299.0
15.6,4,16,16,2.1,0,1000,128,0,0,0,1,0,0,0,0,0,0,0,0,0,1,0,0,0,1899.0
17.3,4,16,8,2.83,0,1000,0,0,0,0,0,0,1,0,0,0,0,1,0,0,0,0,0,0,865.0
14.0,4,16,8,1.96,0,0,256,0,0,0,0,0,0,1,0,0,0,0,0,0,1,0,0,0,1903.0
15.6,4,16,8,2.3,0,0,256,0,0,0,0,0,1,0,0,0,0,0,0,0,1,0,0,0,787.0
15.6,4,15,8,1.9,0,0,128,0,0,0,0,0,1,0,0,0,0,0,0,0,1,0,0,0,945.0
15.6,1,12,4,2.0,0,1000,0,0,0,0,0,0,1,0,0,0,0,0,0,0,1,0,0,0,449.0
13.3,4,16,8,1.28,1,0,256,0,0,1,0,0,0,0,0,0,0,0,0,0,1,0,0,0,2559.0
13.3,4,15,8,1.62,1,1000,0,0,0,0,0,0,1,0,0,0,0,0,0,0,1,0,0,0,649.0
15.6,4,14,4,2.2,0,1000,0,0,0,0,0,0,1,0,0,0,0,0,0,1,0,0,0,0,469.0
15.6,4,15,8,2.3,0,1000,0,0,0,0,0,0,1,0,0,0,0,0,0,0,1,0,0,0,850.66
15.6,4,15,8,1.84,0,0,256,0,0,0,0,0,1,0,0,0,0,0,0,0,1,0,0,0,1349.0
13.3,4,15,4,1.05,0,0,128,0,0,0,0,0,1,0,0,0,0,0,0,0,1,0,0,0,1285.0
15.6,4,15,8,2.5,0,1000,0,0,0,0,1,0,0,0,0,0,0,0,0,1,0,0,0,0,1017.0
13.3,13,16,16,1.29,1,0,512,0,0,0,0,0,0,1,0,0,0,0,0,0,1,0,0,0,2240.0
15.6,4,15,4,2.07,0,500,0,0,0,0,0,0,1,0,0,0,0,0,0,0,1,0,0,0,910.0
13.3,1,15,8,1.2,0,0,256,0,0,0,0,0,0,1,0,0,0,0,0,0,1,0,0,0,1095.0
13.3,4,16,8,1.37,1,0,256,0,0,1,0,0,0,0,0,0,0,0,0,0,1,0,0,0,1950.0
14.0,4,15,8,1.56,0,0,256,0,0,0,0,0,1,0,0,0,0,0,0,0,1,0,0,0,902.0
15.6,4,16,8,2.23,0,1000,0,0,0,0,0,0,0,0,1,0,0,0,0,0,1,0,0,0,1778.0
15.6,1,15,4,2.38,0,500,0,0,0,0,0,0,1,0,0,0,0,0,0,0,1,0,0,0,1055.0
15.6,4,14,4,2.2,0,1000,0,0,0,0,0,0,1,0,0,0,0,0,0,1,0,0,0,0,479.0
15.6,4,16,8,2.0,0,0,256,0,0,0,0,0,1,0,0,0,0,0,0,0,1,0,0,0,1388.0
13.3,4,14,4,1.44,0,0,180,0,0,0,0,0,1,0,0,0,0,0,0,0,1,0,0,0,735.0
15.0,4,16,16,1.23,0,0,256,0,0,0,0,0,0,1,0,0,0,0,0,0,1,0,0,0,1849.0
12.5,4,16,8,1.6,0,0,256,0,0,0,0,0,0,1,0,0,0,0,0,0,1,0,0,0,1690.0
15.6,1,12,4,2.0,0,1000,0,0,0,0,0,0,1,0,0,0,0,1,0,0,0,0,0,0,398.99
13.3,4,15,8,1.28,0,0,256,0,0,0,0,0,0,1,0,0,0,0,0,0,1,0,0,0,935.0
15.6,4,15,4,2.18,0,1000,128,0,0,0,0,0,1,0,0,0,0,0,0,0,1,0,0,0,912.5
15.6,4,15,4,2.04,0,0,256,0,0,0,0,0,1,0,0,0,0,0,0,0,1,0,0,0,839.0
13.3,4,15,4,1.28,1,0,256,0,0,1,0,0,0,0,0,0,0,0,0,0,1,0,0,0,1700.0
15.6,1,15,4,2.3,1,500,0,0,0,1,0,0,0,0,0,0,0,0,0,0,1,0,0,0,684.8
14.1,1,10,4,1.65,0,0,0,0,32,0,0,0,1,0,0,0,0,0,0,0,1,0,0,0,348.0
15.6,4,16,8,2.2,0,1000,0,0,0,0,0,0,1,0,0,0,0,0,0,0,1,0,0,0,669.0
15.6,1,12,4,2.2,0,500,0,0,0,0,0,0,1,0,0,0,0,0,0,0,1,0,0,0,369.0
13.3,4,15,4,1.28,1,0,256,0,0,1,0,0,0,0,0,0,0,0,0,0,1,0,0,0,1799.0
15.6,1,14,4,2.18,0,1000,0,0,0,0,0,0,1,0,0,0,0,1,0,0,0,0,0,0,455.7
17.3,4,15,12,2.2,0,1000,128,0,0,0,1,0,0,0,0,0,0,0,0,0,1,0,0,0,1369.9
11.6,1,10,4,1.25,0,0,0,0,32,0,0,1,0,0,0,0,1,0,0,0,0,0,0,0,297.0
17.3,3,2,4,2.8,0,500,0,0,0,0,0,0,1,0,0,0,0,0,0,0,1,0,0,0,379.0
14.0,4,15,4,1.95,0,0,128,0,0,0,0,0,1,0,0,0,0,0,0,0,1,0,0,0,1265.0
13.3,13,16,16,1.42,1,0,256,0,0,1,0,0,0,0,0,0,0,0,0,0,1,0,0,0,1399.0
15.0,4,16,8,1.17,0,0,256,0,0,0,0,0,0,1,0,0,0,0,0,0,1,0,0,0,1699.0
14.0,4,15,8,1.32,0,0,256,0,0,0,0,0,0,1,0,0,0,0,0,0,1,0,0,0,1799.0
17.3,14,16,16,2.43,0,2000,512,0,0,0,1,0,0,0,0,0,0,0,0,0,1,0,0,0,2649.0
13.3,4,15,8,1.05,0,0,256,0,0,0,0,0,1,0,0,0,0,0,0,0,1,0,0,0,1475.0
15.6,4,16,8,2.62,0,1000,0,0,0,0,1,0,0,0,0,0,0,1,0,0,0,0,0,0,929.0
15.6,4,16,8,2.04,0,1000,0,0,0,0,0,0,1,0,0,0,0,0,0,0,1,0,0,0,900.0
15.6,1,14,4,2.18,0,1000,0,0,0,0,0,0,1,0,0,0,0,0,0,0,1,0,0,0,614.0
15.6,4,15,8,1.9,0,500,0,0,0,0,0,0,1,0,0,0,0,0,0,0,1,0,0,0,935.0
13.3,13,16,8,1.24,1,0,512,0,0,1,0,0,0,0,0,0,0,0,0,0,1,0,0,0,2013.1
17.3,4,16,32,3.58,0,0,512,0,0,0,1,0,0,0,0,0,0,0,0,0,1,0,0,0,1279.0
13.3,4,16,16,1.22,1,0,256,0,0,1,0,0,0,0,0,0,0,0,0,0,1,0,0,0,1649.0
14.0,4,16,8,1.13,0,0,0,0,256,0,0,0,0,1,0,0,0,0,0,0,1,0,0,0,2049.0
15.6,4,15,8,1.95,0,0,512,0,0,0,0,0,1,0,0,0,0,0,0,0,1,0,0,0,1962.99
15.6,4,16,16,1.08,1,0,512,0,0,0,0,0,0,1,0,0,0,0,0,0,1,0,0,0,2099.0
12.5,4,16,8,1.26,0,0,512,0,0,0,0,1,0,0,0,0,0,0,0,0,1,0,0,0,1483.0
15.6,4,10,4,2.2,0,0,0,0,16,0,0,0,1,0,0,0,1,0,0,0,0,0,0,0,359.0
15.6,4,15,8,2.6,0,1000,128,0,0,0,0,0,1,0,0,0,0,0,0,0,1,0,0,0,789.0
14.0,4,16,8,0.98,1,0,512,0,0,0,0,0,0,1,0,0,0,0,0,0,1,0,0,0,1899.0
14.0,4,15,8,1.6,0,0,256,0,0,0,0,0,1,0,0,0,0,0,0,0,1,0,0,0,1205.0
12.5,14,11,8,1.09,1,0,240,0,0,0,0,0,0,1,0,0,0,0,0,0,1,0,0,0,3100.0
15.6,4,16,6,2.2,0,0,256,0,0,0,0,0,1,0,0,0,0,0,0,0,1,0,0,0,789.0
15.6,4,16,8,2.04,0,0,256,0,0,0,0,0,1,0,0,0,0,0,0,0,1,0,0,0,1018.99
15.6,4,14,4,2.4,0,1000,0,0,0,0,0,0,1,0,0,0,0,0,0,0,1,0,0,0,499.0
13.3,4,15,4,1.44,0,0,128,0,0,0,0,0,1,0,0,0,0,0,0,0,1,0,0,0,881.0
13.3,4,15,8,1.49,0,0,256,0,0,0,0,0,1,0,0,0,0,0,0,0,1,0,0,0,960.0
17.3,4,16,16,2.7,0,1000,256,0,0,0,1,0,0,0,0,0,0,0,0,0,1,0,0,0,1599.0
15.6,4,16,16,2.6,0,1000,128,0,0,0,1,0,0,0,0,0,0,0,0,0,1,0,0,0,1349.0
15.6,4,15,8,2.2,0,1000,128,0,0,0,1,0,0,0,0,0,0,0,0,0,1,0,0,0,1119.91
15.6,1,15,4,2.18,0,1000,0,0,0,0,0,0,1,0,0,0,0,0,0,0,1,0,0,0,684.99
15.6,4,16,8,1.84,0,0,256,0,0,0,0,0,0,1,0,0,0,0,0,0,1,0,0,0,1296.99
13.3,13,16,8,1.39,1,0,256,0,0,0,0,0,0,1,0,0,0,0,0,0,1,0,0,0,1149.0
15.6,4,16,16,2.4,0,0,256,0,0,0,0,0,1,0,0,0,0,0,0,0,1,0,0,0,1975.0
13.3,4,15,8,1.37,1,0,512,0,0,1,0,0,0,0,0,0,0,0,0,0,1,0,0,0,1825.0
15.6,1,15,4,1.95,0,500,0,0,0,0,0,0,1,0,0,0,0,0,0,0,1,0,0,0,729.9
12.5,4,16,8,1.36,0,0,256,0,0,0,0,0,0,1,0,0,0,0,0,0,1,0,0,0,1650.0
15.6,4,15,8,2.31,0,0,256,0,0,0,0,0,1,0,0,0,0,0,0,0,1,0,0,0,1165.0
15.6,1,15,4,2.18,0,1000,0,0,0,0,0,0,1,0,0,0,0,0,0,0,1,0,0,0,708.06
14.0,1,15,4,1.95,0,500,0,0,0,0,0,0,1,0,0,0,0,0,0,0,1,0,0,0,1149.0
15.6,1,12,4,2.2,0,1000,0,0,0,0,0,0,1,0,0,0,0,0,0,0,1,0,0,0,309.0
12.5,4,15,4,1.26,0,500,0,0,0,0,0,0,0,1,0,0,0,0,0,0,1,0,0,0,1579.0
15.6,1,10,4,1.86,0,1000,0,0,0,0,0,0,1,0,0,0,0,0,0,1,0,0,0,0,288.9
13.3,13,16,16,1.3,1,0,1000,0,0,1,0,0,0,0,0,0,0,0,0,0,1,0,0,0,1799.0
14.0,4,15,4,1.47,0,0,128,0,0,0,0,0,1,0,0,0,0,0,0,0,1,0,0,0,1105.0
12.5,4,15,8,1.26,0,0,256,0,0,0,0,1,0,0,0,0,0,0,0,0,1,0,0,0,1669.0
15.6,1,14,4,2.18,0,1000,0,0,0,0,0,0,1,0,0,0,0,0,0,0,1,0,0,0,558.6
15.6,4,16,8,2.2,0,1000,128,0,0,0,1,0,0,0,0,0,0,0,0,0,1,0,0,0,1199.0
14.0,4,15,8,1.36,0,0,256,0,0,0,0,0,0,1,0,0,0,0,0,0,1,0,0,0,1639.0
17.3,9,16,16,4.36,0,1000,512,0,0,0,1,0,0,0,0,0,0,0,0,0,1,0,0,0,2758.0
17.3,4,15,8,2.75,0,1000,128,0,0,0,1,0,0,0,0,0,0,0,0,0,1,0,0,0,1399.0
17.3,3,12,4,2.8,0,1000,0,0,0,0,0,0,1,0,0,0,0,0,0,0,1,0,0,0,530.0
15.6,1,15,4,2.23,0,500,0,0,0,0,0,0,1,0,0,0,0,0,0,0,1,0,0,0,619.0
15.6,1,15,8,2.2,0,0,256,0,0,0,0,0,1,0,0,0,0,0,0,0,1,0,0,0,1119.0
11.3,4,11,8,1.1,1,0,256,0,0,1,0,0,0,0,0,0,0,0,0,0,1,0,0,0,1299.0
15.6,4,7,16,2.5,0,1000,512,0,0,0,1,0,0,0,0,0,0,0,0,0,1,0,0,0,999.0
12.5,4,15,8,1.36,1,0,256,0,0,0,0,0,0,1,0,0,0,0,0,0,1,0,0,0,1472.2
15.6,4,16,8,2.2,0,1000,0,0,0,0,0,0,1,0,0,0,0,0,0,1,0,0,0,0,685.0
17.3,3,14,4,2.36,0,1000,0,0,0,0,0,0,1,0,0,0,0,0,0,0,1,0,0,0,659.0
14.0,1,10,4,1.68,0,0,0,0,32,0,0,0,1,0,0,0,1,0,0,0,0,0,0,0,349.0
15.6,4,16,8,2.0,0,0,8,0,0,0,0,0,0,0,1,0,0,0,0,0,1,0,0,0,2249.0
14.0,4,16,8,1.36,0,0,256,0,0,0,0,0,0,1,0,0,0,0,0,0,1,0,0,0,1775.0
13.3,4,15,8,1.2,0,0,256,0,0,0,0,0,1,0,0,0,0,0,0,0,0,0,1,0,1460.0
12.5,4,11,8,1.2,0,0,0,0,64,1,0,0,0,0,0,0,1,0,0,0,0,0,0,0,1159.0
14.0,4,16,8,1.7,0,0,256,0,0,0,0,0,0,1,0,0,0,0,0,0,1,0,0,0,1488.99
17.3,14,16,16,4.36,0,1000,512,0,0,0,1,0,0,0,0,0,0,0,0,0,1,0,0,0,3154.0
13.3,4,15,8,1.24,1,0,256,0,0,1,0,0,0,0,0,0,0,0,0,0,1,0,0,0,1899.0
11.6,1,12,4,1.45,1,0,256,0,0,1,0,0,0,0,0,0,0,0,0,0,1,0,0,0,775.0
13.3,13,16,8,1.3,0,0,256,0,0,0,0,0,0,1,0,0,0,0,0,0,1,0,0,0,1268.0
11.6,1,10,4,1.25,1,0,0,0,32,1,0,0,0,0,0,0,1,0,0,0,0,0,0,0,389.0
13.3,4,15,8,1.2,0,0,256,0,0,0,0,0,1,0,0,0,0,0,0,0,1,0,0,0,1535.0
12.5,4,15,8,1.36,0,0,256,0,0,0,0,0,0,1,0,0,0,0,0,0,1,0,0,0,1760.0
15.6,4,15,12,2.4,0,1000,128,0,0,0,0,0,1,0,0,0,0,0,0,0,1,0,0,0,1009.0
12.5,4,16,8,1.1,1,0,512,0,0,0,0,0,0,1,0,0,0,0,0,0,1,0,0,0,1790.0
15.6,1,15,8,2.04,0,1000,0,0,0,0,0,0,1,0,0,0,0,0,0,0,1,0,0,0,846.5
15.6,1,14,4,2.25,0,1000,0,0,0,0,0,0,1,0,0,0,0,1,0,0,0,0,0,0,465.62
15.6,1,15,4,1.9,0,500,0,0,0,0,0,0,1,0,0,0,0,0,0,0,1,0,0,0,825.0
15.6,4,14,4,2.04,0,500,0,0,0,0,0,0,1,0,0,0,0,0,0,0,1,0,0,0,685.0
17.3,4,16,32,4.42,0,1000,256,0,0,0,1,0,0,0,0,0,0,0,0,0,1,0,0,0,3149.0
15.6,4,15,6,2.4,0,0,256,0,0,0,0,0,1,0,0,0,0,0,0,0,1,0,0,0,695.0
13.3,13,16,16,1.22,1,0,512,0,0,1,0,0,0,0,0,0,0,0,0,0,1,0,0,0,1899.0
14.0,9,16,8,1.5,1,0,256,0,0,0,0,0,0,1,0,0,0,0,0,0,1,0,0,0,1962.98
17.3,4,16,32,4.42,0,1000,256,0,0,0,1,0,0,0,0,0,0,0,0,0,1,0,0,0,2800.0
14.0,4,15,8,1.95,0,0,256,0,0,0,0,0,1,0,0,0,0,0,0,0,1,0,0,0,1180.0
17.3,4,16,16,2.73,0,1000,256,0,0,0,1,0,0,0,0,0,0,0,0,0,1,0,0,0,2049.9
15.6,4,15,8,2.04,0,1000,128,0,0,0,0,0,1,0,0,0,0,0,0,0,1,0,0,0,979.0
14.0,1,15,4,1.7,0,0,0,508,0,0,0,0,1,0,0,0,0,0,0,0,0,0,1,0,1002.0
15.6,14,16,16,2.3,1,2000,512,0,0,1,0,0,0,0,0,0,0,0,0,0,1,0,0,0,1799.0
15.6,1,16,6,2.04,0,1000,0,0,0,0,0,0,1,0,0,0,0,0,0,0,1,0,0,0,579.0
17.3,4,16,16,2.99,0,1000,256,0,0,0,1,0,0,0,0,0,0,0,0,0,1,0,0,0,1749.0
15.6,4,16,12,2.19,1,0,512,0,0,1,0,0,0,0,0,0,0,0,0,0,1,0,0,0,1299.0
13.3,4,15,4,1.2,0,0,128,0,0,0,0,0,1,0,0,0,0,0,0,0,0,0,1,0,1195.0
15.6,4,1,6,2.2,0,0,256,0,0,0,0,0,1,0,0,0,0,0,0,0,1,0,0,0,549.0
15.6,1,15,4,2.3,0,0,256,0,0,0,0,0,1,0,0,0,0,0,0,0,1,0,0,0,649.0
14.0,1,15,4,1.75,0,500,0,0,0,0,0,0,1,0,0,0,0,0,0,0,1,0,0,0,915.0
15.6,1,15,4,2.25,0,500,0,0,0,0,0,0,1,0,0,0,0,0,0,0,1,0,0,0,599.0
15.6,4,15,8,2.04,0,1000,0,0,0,0,0,0,1,0,0,0,0,0,0,0,1,0,0,0,806.0
15.6,4,16,8,2.5,0,1000,128,0,0,0,1,0,0,0,0,0,0,0,0,0,1,0,0,0,1189.0
15.6,1,16,8,2.36,0,1000,0,0,0,0,0,0,1,0,0,0,0,0,0,0,1,0,0,0,749.0
14.0,4,15,8,1.6,0,0,128,0,0,0,0,0,1,0,0,0,0,0,0,0,1,0,0,0,1119.0
12.5,4,11,8,0.97,0,0,512,0,0,0,0,1,0,0,0,0,0,0,0,0,1,0,0,0,1908.0
15.6,4,14,4,2.1,0,1000,128,0,0,0,0,0,1,0,0,0,0,0,0,0,1,0,0,0,499.0
15.6,1,10,4,1.9,0,0,128,0,0,0,0,0,1,0,0,0,0,0,0,1,0,0,0,0,270.62
15.6,4,15,8,2.3,0,0,256,0,0,0,0,0,1,0,0,0,0,0,0,0,1,0,0,0,1349.0
13.3,4,15,8,1.68,1,0,256,0,0,1,0,0,0,0,0,0,0,0,0,0,1,0,0,0,889.0
13.3,13,15,8,1.4,0,0,256,0,0,0,0,0,1,0,0,0,0,0,0,0,1,0,0,0,1150.0
13.3,4,16,8,1.11,1,0,256,0,0,0,0,0,0,1,0,0,0,0,0,0,1,0,0,0,1349.0
15.6,1,12,4,2.4,0,500,0,0,0,0,0,0,1,0,0,0,0,0,0,0,1,0,0,0,380.0
15.6,4,16,16,2.5,0,1000,256,0,0,0,1,0,0,0,0,0,0,0,0,0,1,0,0,0,1799.0
14.0,4,16,8,1.48,0,0,512,0,0,0,0,0,0,1,0,0,0,0,0,0,1,0,0,0,2089.0
15.6,4,16,8,2.7,0,1000,128,0,0,0,1,0,0,0,0,0,0,0,0,0,1,0,0,0,1260.0
13.3,4,15,8,1.34,0,0,256,0,0,0,0,0,1,0,0,0,0,0,0,0,1,0,0,0,1189.0
15.6,1,14,4,2.18,0,0,128,0,0,0,0,0,1,0,0,0,0,0,0,0,1,0,0,0,547.0
14.0,1,15,4,1.64,0,500,0,0,0,0,0,0,1,0,0,0,0,0,0,0,1,0,0,0,779.0
13.3,4,15,4,1.2,0,0,128,0,0,0,0,0,1,0,0,0,0,0,0,0,1,0,0,0,1195.0
14.0,1,15,4,1.48,0,0,256,0,0,0,0,0,1,0,0,0,0,0,0,0,1,0,0,0,1099.99
14.0,4,15,4,1.95,0,0,256,0,0,0,0,0,1,0,0,0,0,0,0,0,1,0,0,0,1205.0
14.0,4,16,8,1.43,0,0,256,0,0,0,0,0,0,1,0,0,0,0,0,0,0,0,1,0,1449.0
14.0,4,15,8,1.64,0,0,256,0,0,0,0,0,1,0,0,0,0,0,0,0,1,0,0,0,1049.26
14.0,1,14,4,1.64,0,500,0,0,0,0,0,0,1,0,0,0,0,0,0,0,1,0,0,0,684.0
15.6,4,15,8,2.65,0,0,0,1000,0,0,1,0,0,0,0,0,0,0,0,0,1,0,0,0,949.0
12.5,4,15,4,1.26,0,500,0,0,0,0,0,0,0,1,0,0,0,0,0,0,1,0,0,0,1539.0
14.0,4,15,4,1.48,0,0,256,0,0,0,0,0,1,0,0,0,0,0,0,0,1,0,0,0,1590.0
14.0,4,16,8,1.54,0,0,256,0,0,0,0,0,0,1,0,0,0,0,0,0,1,0,0,0,1887.21
13.3,1,14,4,1.49,0,500,0,0,0,0,0,0,1,0,0,0,0,0,0,0,1,0,0,0,800.0
13.3,1,15,8,1.5,0,0,256,0,0,0,0,0,1,0,0,0,0,0,0,0,1,0,0,0,1210.0
15.6,1,14,4,2.04,0,0,256,0,0,0,0,0,1,0,0,0,0,0,0,0,1,0,0,0,769.99
17.3,14,16,16,2.4,0,0,512,0,0,0,0,0,1,0,0,0,0,0,0,0,0,0,1,0,2968.0
14.0,4,15,8,1.47,0,0,256,0,0,0,0,0,1,0,0,0,0,0,0,0,1,0,0,0,1490.0
14.0,4,16,8,1.43,0,0,256,0,0,0,0,0,1,0,0,0,0,0,0,0,1,0,0,0,2229.0
15.6,4,14,4,2.08,1,1000,0,0,0,1,0,0,0,0,0,0,0,0,0,0,1,0,0,0,795.99
13.3,4,15,8,1.2,0,0,256,0,0,0,0,0,0,1,0,0,0,0,0,0,1,0,0,0,1590.0
13.3,4,15,8,1.11,0,0,256,0,0,0,0,0,1,0,0,0,0,0,0,0,1,0,0,0,1149.0
14.0,4,16,8,1.64,0,0,256,0,0,0,0,0,1,0,0,0,0,0,0,0,1,0,0,0,1185.43
15.6,4,15,8,2.09,0,500,0,0,0,0,0,0,1,0,0,0,0,0,0,0,1,0,0,0,1046.44
12.5,1,15,4,1.26,0,0,256,0,0,0,0,0,0,1,0,0,0,0,0,0,1,0,0,0,1559.0
14.0,1,15,4,2.31,0,500,0,0,0,0,0,0,1,0,0,0,0,0,0,0,1,0,0,0,1189.0
14.0,1,15,4,1.95,0,500,0,0,0,0,0,0,1,0,0,0,0,0,0,0,1,0,0,0,1060.0
13.3,13,15,8,1.29,1,0,256,0,0,0,0,0,0,1,0,0,0,0,0,0,1,0,0,0,1624.0
17.3,4,15,8,2.63,0,0,256,0,0,0,0,0,1,0,0,0,0,0,0,0,1,0,0,0,1080.0
14.0,1,15,4,1.64,0,0,256,0,0,0,0,0,1,0,0,0,0,0,0,0,1,0,0,0,973.0
15.6,1,5,6,2.1,0,1000,0,0,0,0,0,0,1,0,0,0,0,0,0,0,1,0,0,0,409.0
17.3,4,16,8,2.7,0,1000,128,0,0,0,1,0,0,0,0,0,0,0,0,0,1,0,0,0,1191.8
14.0,4,15,8,1.95,0,0,256,0,0,0,0,0,1,0,0,0,0,0,0,0,0,0,1,0,1195.0
15.6,4,16,8,1.84,0,0,256,0,0,0,0,0,1,0,0,0,0,0,0,0,1,0,0,0,1228.99
12.5,4,16,8,1.26,0,0,256,0,0,0,0,0,0,1,0,0,0,0,0,0,1,0,0,0,1349.0
15.6,1,15,4,2.04,0,500,0,0,0,0,0,0,1,0,0,0,0,0,0,0,1,0,0,0,742.0
14.0,4,16,8,1.47,0,0,256,0,0,0,0,0,0,1,0,0,0,0,0,0,1,0,0,0,1725.0
15.6,4,15,8,2.09,0,0,256,0,0,0,0,0,1,0,0,0,0,0,0,0,0,0,1,0,1062.95
14.0,4,15,8,1.64,0,0,256,0,0,0,0,0,1,0,0,0,0,0,0,0,1,0,0,0,1010.51
15.6,4,16,4,1.8,1,0,256,0,0,1,0,0,0,0,0,0,0,0,0,0,1,0,0,0,847.0
14.0,1,9,2,1.45,0,0,0,0,32,0,0,0,1,0,0,0,0,0,0,0,1,0,0,0,210.8
15.6,4,16,16,2.4,0,0,256,0,0,0,0,0,1,0,0,0,0,0,0,0,1,0,0,0,1425.0
15.6,4,15,8,2.3,0,0,256,0,0,0,0,0,1,0,0,0,0,0,0,0,1,0,0,0,1049.6
14.0,4,15,4,1.54,0,500,0,0,0,0,0,0,1,0,0,0,0,0,0,0,1,0,0,0,1000.0
15.6,4,15,8,1.84,0,500,256,0,0,0,0,0,1,0,0,0,0,0,0,0,1,0,0,0,2103.34
14.0,4,15,8,1.43,0,0,256,0,0,0,0,0,1,0,0,0,0,0,0,0,0,0,1,0,1469.0
17.3,4,16,16,3.78,0,1000,256,0,0,0,1,0,0,0,0,0,0,0,0,0,1,0,0,0,1545.64
17.3,4,16,16,4.6,0,1000,128,0,0,0,1,0,0,0,0,0,0,0,0,0,1,0,0,0,2289.99
11.6,1,10,4,1.2,0,0,0,0,16,0,0,1,0,0,0,0,1,0,0,0,0,0,0,0,287.9
14.0,9,16,16,1.1,0,0,256,0,0,0,0,0,1,0,0,0,0,0,0,0,0,0,1,0,2620.0
15.6,4,16,8,1.91,0,1000,0,0,0,0,0,0,1,0,0,0,0,0,0,0,1,0,0,0,979.0
15.6,4,15,8,2.3,1,0,256,0,0,1,0,0,0,0,0,0,0,0,0,0,1,0,0,0,1094.0
15.6,1,15,4,2.04,0,0,256,0,0,0,0,0,1,0,0,0,0,0,0,0,1,0,0,0,979.0
13.3,13,16,16,1.2,1,0,1000,0,0,0,0,0,0,1,0,0,0,0,0,0,1,0,0,0,2254.0
15.6,1,14,4,2.31,0,500,0,0,0,0,0,0,1,0,0,0,0,0,0,0,1,0,0,0,705.15
15.6,1,15,4,1.96,0,500,0,0,0,0,0,0,1,0,0,0,0,0,0,1,0,0,0,0,499.0
15.6,1,4,8,2.4,0,1000,0,0,0,0,0,0,1,0,0,0,0,0,0,0,1,0,0,0,449.0
13.3,4,16,12,1.6,1,0,256,0,0,1,0,0,0,0,0,0,0,0,0,0,1,0,0,0,1299.0
15.6,4,16,16,2.94,0,1000,256,0,0,0,1,0,0,0,0,0,0,0,0,0,1,0,0,0,1819.0
15.6,4,16,8,2.04,0,0,256,0,0,0,0,0,1,0,0,0,0,0,0,0,1,0,0,0,1070.0
17.3,4,16,16,4.0,0,1000,0,0,0,0,1,0,0,0,0,0,0,0,0,1,0,0,0,0,998.0
15.6,4,15,4,2.25,0,1000,0,0,0,0,0,0,1,0,0,0,0,0,0,0,1,0,0,0,559.0
15.6,4,16,16,2.32,0,2000,0,0,0,0,0,0,1,0,0,0,0,0,0,0,1,0,0,0,989.99
15.6,4,16,16,1.8,0,1000,256,0,0,0,1,0,0,0,0,0,0,0,0,0,1,0,0,0,1929.0
13.3,4,16,8,1.29,0,0,256,0,0,0,0,0,0,1,0,0,0,0,0,0,1,0,0,0,1458.0
17.3,4,16,64,3.58,0,0,1000,0,0,0,1,0,0,0,0,0,0,0,0,0,1,0,0,0,3975.0
13.3,4,16,8,1.62,1,0,256,0,0,1,0,0,0,0,0,0,0,0,0,0,1,0,0,0,798.01
15.6,14,16,16,3.21,0,1000,256,0,0,0,1,0,0,0,0,0,0,0,0,0,1,0,0,0,1329.0
12.0,7,11,8,0.92,0,0,0,0,256,0,0,0,0,1,0,0,0,0,1,0,0,0,0,0,1300.0
15.6,1,14,4,2.06,0,500,0,0,0,0,0,0,1,0,0,0,0,0,0,0,1,0,0,0,481.98
15.6,1,15,4,2.31,0,500,0,0,0,0,0,0,1,0,0,0,0,0,0,0,1,0,0,0,1199.0
12.5,4,15,8,1.26,0,0,256,0,0,0,0,0,0,1,0,0,0,0,0,0,0,0,1,0,1199.0
13.3,4,16,8,1.49,0,0,256,0,0,0,0,0,1,0,0,0,0,0,0,0,1,0,0,0,1090.0
12.5,4,16,8,1.3,1,0,256,0,0,0,0,0,0,1,0,0,0,0,0,0,1,0,0,0,1713.49
17.3,3,15,8,3.0,0,1000,0,0,0,0,0,0,1,0,0,0,0,0,0,0,1,0,0,0,659.0
15.6,4,15,4,2.3,0,1000,0,0,0,0,0,0,1,0,0,0,0,0,0,0,1,0,0,0,977.0
17.3,4,16,16,3.78,0,1000,256,0,0,0,1,0,0,0,0,0,0,0,0,0,1,0,0,0,2499.0
15.6,1,15,4,2.1,0,500,0,0,0,0,0,0,1,0,0,0,0,0,0,0,1,0,0,0,540.0
15.6,4,15,4,2.31,0,500,0,0,0,0,0,0,1,0,0,0,0,0,0,0,0,0,1,0,940.0
12.5,9,11,8,0.99,1,0,512,0,0,0,0,0,0,1,0,0,0,0,0,0,1,0,0,0,1399.0
17.3,4,16,32,4.6,0,0,512,1000,0,0,1,0,0,0,0,0,0,0,0,0,1,0,0,0,3240.0
10.1,5,9,4,0.69,1,0,0,0,64,1,0,0,0,0,0,0,0,0,0,0,1,0,0,0,646.27
13.3,14,16,16,1.3,0,0,512,0,0,0,0,0,0,1,0,0,0,0,0,0,1,0,0,0,2049.0
15.6,4,15,8,2.18,0,0,256,0,0,0,0,0,1,0,0,0,0,0,0,0,1,0,0,0,750.0
14.0,4,15,4,1.54,0,500,0,0,0,0,0,0,1,0,0,0,0,0,0,0,0,0,1,0,1030.99
15.6,4,16,8,1.9,0,0,256,0,0,0,0,0,0,0,1,0,0,0,0,0,0,0,1,0,1495.0
14.0,4,15,8,1.7,0,0,180,0,0,0,0,0,1,0,0,0,0,0,0,0,0,0,1,0,1199.0
13.3,13,12,4,1.29,0,0,0,0,32,0,0,0,1,0,0,0,1,0,0,0,0,0,0,0,615.0
15.6,1,4,4,2.4,0,500,0,0,0,0,0,0,1,0,0,0,0,0,0,0,1,0,0,0,387.0
15.6,1,12,4,2.2,0,500,0,0,0,0,0,0,1,0,0,0,0,1,0,0,0,0,0,0,393.49
15.6,1,14,4,1.86,0,1000,0,0,0,0,0,0,1,0,0,0,0,0,0,1,0,0,0,0,345.99
17.3,4,16,8,2.7,0,1000,256,0,0,0,1,0,0,0,0,0,0,0,0,0,1,0,0,0,1599.0
13.3,4,15,4,1.4,0,0,256,0,0,0,0,0,0,1,0,0,0,0,0,0,1,0,0,0,818.35
12.5,1,15,4,2.4,0,0,128,0,0,0,0,1,0,0,0,0,0,0,0,0,0,0,1,0,1599.0
15.6,4,15,8,2.4,0,1000,256,0,0,0,0,0,1,0,0,0,0,0,0,0,1,0,0,0,799.0
15.6,4,15,8,2.36,0,1000,0,0,0,0,0,0,1,0,0,0,0,0,0,0,1,0,0,0,638.8
17.3,4,16,8,2.6,0,0,256,0,0,0,1,0,0,0,0,0,0,0,0,0,1,0,0,0,1599.0
15.6,1,12,4,1.96,0,1000,0,0,0,0,0,0,1,0,0,0,0,0,0,0,1,0,0,0,500.0
17.3,4,16,16,4.3,0,1000,128,0,0,0,1,0,0,0,0,0,0,0,0,0,1,0,0,0,2299.0
12.5,1,14,4,1.5,0,500,0,0,0,0,0,0,0,1,0,0,0,0,0,0,0,0,1,0,1135.15
12.5,1,14,4,1.5,0,0,128,0,0,0,0,0,0,1,0,0,0,0,0,0,0,0,1,0,1166.97
15.6,1,10,4,2.2,0,0,16,0,0,0,0,0,1,0,0,0,1,0,0,0,0,0,0,0,209.0
17.3,4,16,8,3.0,0,1000,0,0,0,0,0,0,0,0,1,0,0,0,0,0,0,0,1,0,2899.0
15.6,4,16,16,2.4,0,0,512,0,0,0,1,0,0,0,0,0,0,0,0,0,1,0,0,0,1199.0
12.5,1,15,8,1.5,0,0,256,0,0,0,0,0,0,1,0,0,0,0,0,0,0,0,1,0,1413.1
17.3,4,16,8,2.9,0,1000,128,0,0,0,1,0,0,0,0,0,0,0,0,0,1,0,0,0,1511.19
15.6,4,15,4,2.1,1,0,256,0,0,1,0,0,0,0,0,0,0,0,0,0,1,0,0,0,867.0
15.6,4,3,4,2.1,0,1000,0,0,0,0,0,0,1,0,0,0,0,0,0,0,1,0,0,0,398.0
15.6,4,16,16,2.59,0,1000,128,0,0,0,1,0,0,0,0,0,0,0,0,0,1,0,0,0,1339.0
13.3,13,11,8,1.16,1,0,256,0,0,0,0,0,1,0,0,0,0,0,0,0,1,0,0,0,1699.0
15.6,1,15,4,2.24,0,500,0,0,0,0,0,0,1,0,0,0,0,0,0,0,0,0,1,0,769.15
15.6,1,14,4,2.1,0,0,128,0,0,0,0,0,1,0,0,0,0,0,0,0,1,0,0,0,429.0
13.3,4,16,8,1.16,0,0,512,0,0,0,0,0,0,1,0,0,0,0,0,0,1,0,0,0,1969.0
10.1,5,9,4,0.69,1,0,0,0,64,1,0,0,0,0,0,1,0,0,0,0,0,0,0,0,549.0
13.3,4,16,8,1.23,0,0,256,0,0,0,0,0,0,1,0,0,0,0,0,0,1,0,0,0,1379.0
17.3,4,16,16,4.6,0,0,256,1000,0,0,1,0,0,0,0,0,0,0,0,0,1,0,0,0,2749.99
12.5,14,16,8,1.25,1,0,256,0,0,0,0,0,0,1,0,0,0,0,0,0,1,0,0,0,1029.0
13.3,4,16,16,1.05,0,0,512,0,0,0,0,0,0,1,0,0,0,0,0,0,1,0,0,0,2226.0
17.3,4,16,8,3.52,0,1000,128,0,0,0,1,0,0,0,0,0,0,0,0,0,1,0,0,0,1312.49
13.3,4,9,4,1.35,0,0,0,0,32,0,0,0,1,0,0,0,0,0,0,0,1,0,0,0,196.0
13.3,4,15,8,1.16,0,0,256,0,0,0,0,0,1,0,0,0,0,0,0,0,1,0,0,0,1690.0
14.0,4,15,8,1.43,0,0,256,0,0,0,0,0,1,0,0,0,0,0,0,0,0,0,1,0,1513.0
15.6,1,15,4,2.09,0,500,0,0,0,0,0,0,1,0,0,0,0,1,0,0,0,0,0,0,523.63
15.6,1,14,4,2.0,0,1000,0,0,0,0,0,0,1,0,0,0,0,0,0,0,1,0,0,0,435.0
14.0,4,16,8,1.8,1,0,256,0,0,1,0,0,0,0,0,0,0,0,0,0,1,0,0,0,1669.0
10.1,5,9,4,0.69,1,0,0,0,64,1,0,0,0,0,0,0,0,0,0,0,1,0,0,0,479.0
12.5,1,15,8,1.26,0,0,256,0,0,0,0,0,0,1,0,0,0,0,0,0,0,0,1,0,1895.0
15.6,4,15,8,2.4,0,1000,128,0,0,0,1,0,0,0,0,0,0,0,0,1,0,0,0,0,989.0
17.3,4,15,8,3.35,0,1000,128,0,0,0,1,0,0,0,0,0,0,0,0,0,1,0,0,0,1129.0
15.6,1,16,8,2.04,0,2000,0,0,0,0,0,0,1,0,0,0,0,0,0,0,1,0,0,0,629.0
14.0,4,16,8,1.8,1,0,512,0,0,1,0,0,0,0,0,0,0,0,0,0,0,0,1,0,2050.38
14.0,1,10,4,1.5,0,0,0,0,32,0,0,0,1,0,0,0,0,0,0,0,1,0,0,0,278.0
15.6,4,16,8,1.84,0,0,256,0,0,0,0,0,0,1,0,0,0,0,0,0,1,0,0,0,752.0
15.6,4,15,4,2.23,0,1000,0,0,0,0,0,0,1,0,0,0,0,0,0,0,1,0,0,0,616.0
15.6,4,16,16,2.5,0,0,0,1000,0,0,0,0,1,0,0,0,0,0,0,0,1,0,0,0,1099.0
17.3,4,16,8,3.0,0,0,256,0,0,0,0,0,0,0,1,0,0,0,0,0,0,0,1,0,3949.4
15.6,1,15,8,2.5,0,1000,0,0,0,0,0,0,1,0,0,0,0,0,0,0,1,0,0,0,784.0
17.3,4,16,16,3.78,0,1000,256,0,0,0,1,0,0,0,0,0,0,0,0,0,1,0,0,0,2399.0
15.6,4,16,8,1.88,0,0,256,0,0,0,0,0,0,1,0,0,0,0,0,0,0,0,1,0,2171.72
14.0,9,16,16,2.8,1,0,512,0,0,1,0,0,0,0,0,0,0,0,0,0,1,0,0,0,2440.0
15.6,4,16,8,2.4,0,1000,128,0,0,0,1,0,0,0,0,0,0,0,0,0,1,0,0,0,1142.8
13.3,4,15,8,1.48,1,0,256,0,0,1,0,0,0,0,0,0,0,0,0,0,1,0,0,0,1629.0
15.6,4,16,8,2.59,0,0,256,0,0,0,0,0,0,0,1,0,0,0,0,0,0,0,1,0,2229.0
13.3,9,16,8,1.48,1,0,256,0,0,1,0,0,0,0,0,0,0,0,0,0,1,0,0,0,1799.0
15.6,4,16,8,2.0,0,0,256,0,0,0,0,0,0,0,1,0,0,0,0,0,0,0,1,0,1899.0
12.5,4,16,8,1.26,0,0,256,0,0,0,0,0,0,1,0,0,0,0,0,0,0,0,1,0,2296.95
15.6,4,16,8,2.18,0,0,256,0,0,0,0,0,1,0,0,0,0,0,0,0,1,0,0,0,1009.9
15.6,4,15,8,1.88,0,0,256,0,0,0,0,0,1,0,0,0,0,0,0,0,0,0,1,0,1579.0
14.0,9,16,8,1.27,1,0,256,0,0,1,0,0,0,0,0,0,0,0,0,0,1,0,0,0,2339.0
15.6,1,14,4,1.9,0,1000,0,0,0,0,0,0,1,0,0,0,0,0,0,1,0,0,0,0,339.0
15.6,1,6,4,1.86,0,500,0,0,0,0,0,0,1,0,0,0,0,0,0,0,1,0,0,0,297.0
15.6,4,15,8,2.32,0,1000,0,0,0,0,0,0,1,0,0,0,0,0,0,1,0,0,0,0,599.0
15.6,4,16,8,2.62,0,1000,0,0,0,0,1,0,0,0,0,0,0,0,0,0,1,0,0,0,1199.0
15.6,14,15,8,2.04,1,0,256,0,0,0,0,0,1,0,0,0,0,0,0,0,1,0,0,0,2250.68
15.6,4,3,4,1.91,0,0,256,0,0,0,0,0,1,0,0,0,0,0,0,0,1,0,0,0,478.89
17.3,4,16,16,2.7,0,1000,256,0,0,0,1,0,0,0,0,0,0,0,0,0,1,0,0,0,1492.8
14.0,4,16,12,1.4,0,0,512,0,0,0,0,0,0,1,0,0,0,0,0,0,0,0,1,0,2299.0
15.6,4,15,8,2.5,0,0,0,1000,0,0,0,0,1,0,0,0,0,0,0,0,1,0,0,0,788.49
13.3,9,16,8,1.48,1,0,512,0,0,1,0,0,0,0,0,0,0,0,0,0,1,0,0,0,2041.0
14.0,4,16,8,1.7,0,0,256,0,0,0,0,0,0,1,0,0,0,0,0,0,0,0,1,0,1499.0
14.0,4,16,16,1.7,0,1000,256,0,0,0,1,0,0,0,0,0,0,0,0,0,1,0,0,0,1769.0
15.6,4,16,8,2.62,0,1000,0,0,0,0,1,0,0,0,0,0,0,0,0,0,1,0,0,0,899.0
15.6,1,14,8,2.2,0,1000,0,0,0,0,0,0,1,0,0,0,0,0,0,0,1,0,0,0,459.0
15.6,1,15,4,2.1,0,500,0,0,0,0,0,0,1,0,0,0,0,0,0,1,0,0,0,0,476.99
15.6,14,16,8,2.62,0,1000,128,0,0,0,1,0,0,0,0,0,0,0,0,0,1,0,0,0,1498.0
15.6,4,15,8,1.95,0,0,256,0,0,0,0,0,1,0,0,0,0,0,0,0,1,0,0,0,1390.0
15.6,4,14,4,2.2,0,1000,0,0,0,0,0,0,1,0,0,0,0,0,0,0,1,0,0,0,468.0
14.0,1,10,2,1.44,0,0,0,0,32,0,0,0,1,0,0,0,0,0,0,0,1,0,0,0,249.0
15.6,4,16,8,2.2,0,1000,0,0,0,0,1,0,0,0,0,0,0,0,0,0,1,0,0,0,839.0
15.6,4,16,8,1.96,0,0,256,0,0,0,0,0,1,0,0,0,0,0,0,0,1,0,0,0,679.0
15.6,4,16,16,2.1,0,0,512,0,0,0,0,0,1,0,0,0,0,0,0,0,1,0,0,0,1159.0
15.6,1,10,4,2.2,0,500,0,0,0,0,0,0,1,0,0,0,0,0,0,0,1,0,0,0,369.0
15.6,1,15,4,2.1,0,500,0,0,0,0,0,0,1,0,0,0,0,0,0,1,0,0,0,0,398.0
15.6,4,16,8,2.2,0,1000,0,0,0,0,0,0,1,0,0,0,0,0,0,1,0,0,0,0,709.0
14.0,4,14,4,2.0,0,0,256,0,0,0,0,0,1,0,0,0,0,0,0,0,1,0,0,0,769.0
15.6,4,16,4,2.32,0,0,0,1000,0,0,0,0,1,0,0,0,0,0,0,0,0,0,1,0,825.0
15.6,4,16,16,3.31,0,0,512,0,0,0,1,0,0,0,0,0,0,0,0,0,1,0,0,0,1305.0
15.6,4,16,16,1.91,0,1000,128,0,0,0,1,0,0,0,0,0,0,0,0,0,1,0,0,0,2153.37
15.6,1,14,4,2.07,0,500,0,0,0,0,0,0,1,0,0,0,0,0,0,0,1,0,0,0,650.0
14.0,9,15,8,1.36,1,0,256,0,0,1,0,0,0,0,0,0,0,0,0,0,1,0,0,0,1637.0
15.6,4,16,6,1.54,0,0,256,0,0,0,0,0,0,1,0,0,0,0,0,0,1,0,0,0,831.0
15.6,4,16,8,1.98,0,0,256,0,0,0,0,0,1,0,0,0,0,1,0,0,0,0,0,0,895.01
15.6,1,10,4,2.1,0,500,0,0,0,0,0,0,1,0,0,0,0,0,0,0,1,0,0,0,333.0
15.6,4,16,6,2.18,0,1000,0,0,0,0,0,0,1,0,0,0,0,0,0,0,1,0,0,0,799.0
15.6,4,16,8,2.59,0,1000,256,0,0,0,1,0,0,0,0,0,0,0,0,0,1,0,0,0,909.0
15.6,4,16,16,2.09,1,0,512,0,0,1,0,0,0,0,0,0,0,0,0,0,1,0,0,0,1179.0
15.6,4,15,4,2.23,0,0,256,0,0,0,0,0,1,0,0,0,0,0,0,0,1,0,0,0,691.0
13.3,13,15,8,1.23,1,0,256,0,0,0,0,0,0,1,0,0,0,1,0,0,0,0,0,0,1099.0
17.3,4,16,16,4.2,0,1000,256,0,0,0,1,0,0,0,0,0,0,0,0,0,1,0,0,0,2599.0
15.6,4,15,8,2.4,0,1000,0,0,0,0,1,0,0,0,0,0,0,0,0,0,1,0,0,0,819.0
12.3,10,17,4,1.15,1,0,0,0,32,1,0,0,0,0,0,0,1,0,0,0,0,0,0,0,659.0
15.6,1,15,4,1.86,0,500,0,0,0,0,0,0,1,0,0,0,0,0,0,0,1,0,0,0,485.0
12.0,7,11,8,0.92,0,0,0,0,256,0,0,0,0,1,0,0,0,0,1,0,0,0,0,0,1163.0
13.3,4,15,8,1.6,1,0,256,0,0,1,0,0,0,0,0,0,0,0,0,0,1,0,0,0,1199.0
15.6,4,16,12,2.21,0,1000,128,0,0,0,0,0,1,0,0,0,0,0,0,0,1,0,0,0,1327.0
15.6,1,14,4,1.9,0,1000,0,0,0,0,0,0,1,0,0,0,0,0,0,1,0,0,0,0,368.0
17.3,4,16,16,4.3,0,1000,512,0,0,0,1,0,0,0,0,0,0,0,0,0,1,0,0,0,2150.0
15.6,1,10,4,2.1,0,1000,0,0,0,0,0,0,1,0,0,0,0,1,0,0,0,0,0,0,272.0
17.3,4,16,16,2.43,0,1000,256,0,0,0,1,0,0,0,0,0,0,0,0,0,1,0,0,0,2048.9
15.6,1,14,4,2.3,0,0,128,0,0,0,0,0,1,0,0,0,0,0,0,0,1,0,0,0,499.0
15.6,1,16,8,2.2,0,500,0,0,0,0,0,0,1,0,0,0,0,0,0,1,0,0,0,0,629.0
15.6,4,16,16,2.0,1,0,512,0,0,1,0,0,0,0,0,0,0,0,0,0,1,0,0,0,1285.0
13.3,13,16,16,1.2,1,0,512,0,0,0,0,0,0,1,0,0,0,0,0,0,1,0,0,0,2680.0
15.6,4,16,8,2.2,0,1000,0,0,0,0,1,0,0,0,0,0,0,0,0,0,1,0,0,0,1169.0
15.6,4,15,8,2.36,0,0,256,0,0,0,0,0,1,0,0,0,0,0,0,0,1,0,0,0,889.0
15.6,1,15,8,1.91,0,0,256,0,0,0,0,0,1,0,0,0,0,0,0,0,1,0,0,0,579.0
15.6,1,6,4,2.2,0,500,0,0,0,0,0,0,1,0,0,0,0,0,0,0,1,0,0,0,299.0
17.3,3,14,8,3.3,0,1000,0,0,0,0,0,0,1,0,0,0,0,0,0,0,1,0,0,0,629.0
15.6,4,16,16,2.2,0,1000,256,0,0,0,1,0,0,0,0,0,0,0,0,0,1,0,0,0,2449.0
12.0,7,11,8,0.92,0,0,0,0,512,0,0,0,0,1,0,0,0,0,1,0,0,0,0,0,1279.0
15.6,4,16,16,2.2,0,1000,128,0,0,0,0,0,1,0,0,0,0,0,0,0,1,0,0,0,1749.0
17.3,4,16,16,2.43,0,1000,256,0,0,0,1,0,0,0,0,0,0,0,0,0,1,0,0,0,1948.99
15.6,4,15,8,2.19,1,0,256,0,0,1,0,0,0,0,0,0,0,0,0,0,1,0,0,0,999.0
17.3,4,16,16,2.9,0,1000,256,0,0,0,1,0,0,0,0,0,0,0,0,0,1,0,0,0,1949.0
11.6,1,10,2,1.3,0,0,32,0,0,0,0,1,0,0,0,0,1,0,0,0,0,0,0,0,174.0
17.3,3,14,4,3.3,0,1000,0,0,0,0,0,0,1,0,0,0,0,0,0,0,1,0,0,0,598.0
17.3,3,15,8,2.8,0,1000,0,0,0,0,0,0,1,0,0,0,0,0,0,1,0,0,0,0,539.0
15.6,4,16,8,2.6,0,1000,128,0,0,0,1,0,0,0,0,0,0,0,0,0,1,0,0,0,1272.0
14.0,4,16,8,1.2,1,0,256,0,0,1,0,0,0,0,0,0,0,0,0,0,1,0,0,0,1149.0
15.6,4,16,8,2.3,0,0,256,0,0,0,0,0,1,0,0,0,0,0,0,0,1,0,0,0,1529.0
15.6,4,16,8,2.2,0,1000,128,0,0,0,1,0,0,0,0,0,0,0,0,0,1,0,0,0,1476.11
15.6,4,1,6,2.1,0,1000,0,0,0,0,0,0,1,0,0,0,0,0,0,0,1,0,0,0,529.0
12.5,4,15,8,1.26,1,0,256,0,0,0,0,0,0,1,0,0,0,0,0,0,0,0,1,0,1713.37
15.0,4,14,4,2.08,1,500,0,0,0,1,0,0,0,0,0,0,0,0,0,0,1,0,0,0,509.0
15.6,1,12,4,2.65,0,1000,0,0,0,0,0,0,1,0,0,0,0,0,0,0,1,0,0,0,309.0
13.3,13,16,8,1.29,1,0,256,0,0,0,0,0,0,1,0,0,0,0,0,0,1,0,0,0,1477.0
15.6,1,15,4,2.18,0,1000,0,0,0,0,0,0,1,0,0,0,0,1,0,0,0,0,0,0,521.86
15.6,4,16,16,2.6,1,1000,128,0,0,0,1,0,0,0,0,0,0,0,0,0,1,0,0,0,1029.0
15.6,4,16,8,2.2,0,1000,128,0,0,0,1,0,0,0,0,0,0,0,0,0,1,0,0,0,1149.0
12.5,4,16,16,1.3,1,0,512,0,0,0,0,1,0,0,0,0,0,0,0,0,1,0,0,0,1650.0
14.0,4,16,16,1.95,0,0,1000,0,0,0,1,0,0,0,0,0,0,0,0,0,1,0,0,0,3499.0
15.6,1,14,8,2.3,1,1000,0,0,0,0,0,0,1,0,0,0,0,0,0,0,1,0,0,0,469.01
17.3,4,16,16,2.7,0,1000,256,0,0,0,1,0,0,0,0,0,0,0,0,0,1,0,0,0,1598.0
11.6,1,15,4,1.08,0,0,0,0,256,0,0,0,0,1,0,0,0,0,1,0,0,0,0,0,959.0
15.6,4,14,4,2.1,0,1000,0,0,0,0,0,0,1,0,0,0,0,0,0,0,1,0,0,0,478.0
14.0,9,16,8,1.54,0,0,256,0,0,0,0,0,0,1,0,0,0,0,0,0,0,0,1,0,2198.19
15.6,1,15,4,2.24,0,500,0,0,0,0,0,0,1,0,0,0,0,0,0,0,0,0,1,0,737.0
15.6,4,16,8,2.3,0,1000,128,0,0,0,1,0,0,0,0,0,0,0,0,0,1,0,0,0,1169.0
13.3,4,16,16,1.4,0,0,512,0,0,0,0,0,1,0,0,0,0,0,0,0,1,0,0,0,1499.0
15.6,4,1,6,2.2,0,0,256,0,0,0,0,0,1,0,0,0,0,0,0,0,1,0,0,0,597.57
13.3,4,16,8,1.45,0,0,256,0,0,0,0,0,0,1,0,0,0,0,0,0,1,0,0,0,1280.0
15.6,1,14,4,2.4,0,500,0,0,0,0,0,0,1,0,0,0,0,1,0,0,0,0,0,0,361.8
17.3,4,16,16,2.77,1,0,512,0,0,1,0,0,0,0,0,0,0,0,0,0,1,0,0,0,1799.0
14.0,4,15,4,1.54,0,0,256,0,0,0,0,0,1,0,0,0,0,0,0,0,0,0,1,0,1099.99
15.6,4,16,16,2.5,0,1000,256,0,0,0,1,0,0,0,0,0,0,0,0,0,1,0,0,0,1600.0
14.0,1,15,4,1.6,0,500,0,0,0,0,0,0,1,0,0,0,0,0,0,0,1,0,0,0,875.0
15.6,4,16,16,2.34,0,1000,256,0,0,0,1,0,0,0,0,0,0,0,0,0,1,0,0,0,2325.0
15.6,4,15,8,2.3,0,0,256,0,0,0,0,0,1,0,0,0,0,0,0,1,0,0,0,0,573.0
13.3,13,15,8,1.24,1,0,256,0,0,1,0,0,0,0,0,0,0,0,0,0,1,0,0,0,1813.0
15.6,1,12,4,2.2,0,500,0,0,0,0,0,0,1,0,0,0,0,1,0,0,0,0,0,0,324.0
15.6,1,3,4,1.86,0,500,0,0,0,0,0,0,1,0,0,0,0,0,0,0,1,0,0,0,399.0
15.6,4,14,6,2.4,0,0,128,0,0,0,0,0,1,0,0,0,0,0,0,0,1,0,0,0,569.0
14.0,4,15,8,1.9,0,0,256,0,0,0,0,0,1,0,0,0,0,0,0,0,1,0,0,0,1072.0
15.6,1,12,4,2.2,0,500,0,0,0,0,0,0,1,0,0,0,0,0,0,0,1,0,0,0,443.99
15.6,1,10,4,2.0,0,1000,0,0,0,0,0,0,1,0,0,0,0,0,0,0,1,0,0,0,339.0
17.3,4,16,16,4.0,0,1000,128,0,0,0,1,0,0,0,0,0,0,0,0,0,1,0,0,0,1900.0
15.6,1,14,4,2.29,0,500,0,0,0,0,0,0,1,0,0,0,0,0,0,0,1,0,0,0,490.0
15.6,4,16,8,2.32,0,0,0,1000,0,0,0,0,1,0,0,0,0,0,0,0,0,0,1,0,895.0
15.6,4,16,8,2.4,0,1000,128,0,0,0,1,0,0,0,0,0,0,0,0,0,1,0,0,0,1229.0
14.0,4,15,4,1.8,1,0,128,0,0,1,0,0,0,0,0,0,0,0,0,0,1,0,0,0,833.01
13.3,4,11,8,1.2,0,0,512,0,0,0,0,0,0,1,0,0,0,0,0,0,1,0,0,0,729.0
15.6,1,14,6,2.3,0,1000,0,0,0,0,0,0,1,0,0,0,0,0,0,0,1,0,0,0,459.0
15.6,1,10,4,2.4,0,500,0,0,0,0,0,0,1,0,0,0,0,1,0,0,0,0,0,0,289.0
15.6,1,10,2,2.2,0,500,0,0,0,0,0,0,1,0,0,0,0,0,0,0,1,0,0,0,379.0
15.6,4,16,8,2.6,0,1000,0,0,0,0,0,0,1,0,0,0,0,0,0,0,1,0,0,0,899.0
15.6,4,5,6,2.04,0,0,0,1000,0,0,0,0,1,0,0,0,0,0,0,0,1,0,0,0,549.99
15.6,1,16,8,2.3,0,1000,0,0,0,0,0,0,1,0,0,0,0,1,0,0,0,0,0,0,805.99
11.6,1,10,2,1.17,0,0,0,0,32,0,0,1,0,0,0,0,0,0,0,0,1,0,0,0,209.0
15.6,1,16,4,2.2,0,500,0,0,0,0,0,0,1,0,0,0,0,0,0,0,1,0,0,0,720.32
14.0,4,16,4,1.8,1,0,128,0,0,1,0,0,0,0,0,0,0,0,0,0,1,0,0,0,638.0
13.3,13,16,16,1.3,1,0,512,0,0,1,0,0,0,0,0,0,0,0,0,0,1,0,0,0,1499.0
14.0,1,10,2,1.5,0,0,0,0,64,0,0,0,1,0,0,0,0,0,0,0,1,0,0,0,229.0
15.6,1,16,6,2.19,0,1000,0,0,0,0,0,0,1,0,0,0,0,0,0,0,1,0,0,0,764.0
15.6,1,10,4,2.2,0,500,0,0,0,0,0,0,1,0,0,0,0,0,0,0,1,0,0,0,369.0
13.3,4,11,8,1.2,0,0,512,0,0,0,0,0,0,1,0,0,0,0,0,0,1,0,0,0,729.0
15.6,1,14,6,2.3,0,1000,0,0,0,0,0,0,1,0,0,0,0,0,0,0,1,0,0,0,459.0
15.6,1,10,4,2.4,0,500,0,0,0,0,0,0,1,0,0,0,0,1,0,0,0,0,0,0,289.0
15.6,1,10,2,2.2,0,500,0,0,0,0,0,0,1,0,0,0,0,0,0,0,1,0,0,0,379.0
15.6,4,16,8,2.6,0,1000,0,0,0,0,0,0,1,0,0,0,0,0,0,0,1,0,0,0,899.0
15.6,4,5,6,2.04,0,0,0,1000,0,0,0,0,1,0,0,0,0,0,0,0,1,0,0,0,549.99
15.6,1,16,8,2.3,0,1000,0,0,0,0,0,0,1,0,0,0,0,1,0,0,0,0,0,0,805.99
11.6,1,10,2,1.17,0,0,0,0,32,0,0,1,0,0,0,0,0,0,0,0,1,0,0,0,209.0
15.6,1,16,4,2.2,0,500,0,0,0,0,0,0,1,0,0,0,0,0,0,0,1,0,0,0,720.32
14.0,4,16,4,1.8,1,0,128,0,0,1,0,0,0,0,0,0,0,0,0,0,1,0,0,0,638.0
13.3,13,16,16,1.3,1,0,512,0,0,1,0,0,0,0,0,0,0,0,0,0,1,0,0,0,1499.0
14.0,1,10,2,1.5,0,0,0,0,64,0,0,0,1,0,0,0,0,0,0,0,1,0,0,0,229.0
15.6,1,16,6,2.19,0,1000,0,0,0,0,0,0,1,0,0,0,0,0,0,0,1,0,0,0,764.0
15.6,1,10,4,2.2,0,500,0,0,0,0,0,0,1,0,0,0,0,0,0,0,1,0,0,0,369.0
13.3,4,11,8,1.2,0,0,512,0,0,0,0,0,0,1,0,0,0,0,0,0,1,0,0,0,729.0
15.6,1,14,6,2.3,0,1000,0,0,0,0,0,0,1,0,0,0,0,0,0,0,1,0,0,0,459.0
15.6,1,10,4,2.4,0,500,0,0,0,0,0,0,1,0,0,0,0,1,0,0,0,0,0,0,289.0
15.6,1,10,2,2.2,0,500,0,0,0,0,0,0,1,0,0,0,0,0,0,0,1,0,0,0,379.0
15.6,4,16,8,2.6,0,1000,0,0,0,0,0,0,1,0,0,0,0,0,0,0,1,0,0,0,899.0
15.6,4,5,6,2.04,0,0,0,1000,0,0,0,0,1,0,0,0,0,0,0,0,1,0,0,0,549.99
15.6,1,16,8,2.3,0,1000,0,0,0,0,0,0,1,0,0,0,0,1,0,0,0,0,0,0,805.99
11.6,1,10,2,1.17,0,0,0,0,32,0,0,1,0,0,0,0,0,0,0,0,1,0,0,0,209.0
15.6,1,16,4,2.2,0,500,0,0,0,0,0,0,1,0,0,0,0,0,0,0,1,0,0,0,720.32
14.0,4,16,4,1.8,1,0,128,0,0,1,0,0,0,0,0,0,0,0,0,0,1,0,0,0,638.0
13.3,13,16,16,1.3,1,0,512,0,0,1,0,0,0,0,0,0,0,0,0,0,1,0,0,0,1499.0
14.0,1,10,2,1.5,0,0,0,0,64,0,0,0,1,0,0,0,0,0,0,0,1,0,0,0,229.0
15.6,1,16,6,2.19,0,1000,0,0,0,0,0,0,1,0,0,0,0,0,0,0,1,0,0,0,764.0
15.6,1,10,4,2.2,0,500,0,0,0,0,0,0,1,0,0,0,0,0,0,0,1,0,0,0,369.0
